nome,aluno_no_momento,anos_matriculados,ano_de_entrada,ano_de_saida,aluno_em_2016,aluno_em_2017,aluno_em_2018,aluno_em_2019,aluno_em_2020,fase_em_2020,aluno_em_2021,fase_em_2021,aluno_em_2022,fase_em_2022
ALUNO-1,False,2,2018,2021.0,False,False,True,True,True,2.0,True,2.0,False,
ALUNO-2,True,1,2022,,False,False,False,False,False,,False,,True,0.0
ALUNO-3,False,2,2018,2021.0,False,False,True,True,True,3.0,True,3.0,False,
ALUNO-4,True,2,2018,,False,False,True,True,True,1.0,False,,True,2.0
ALUNO-5,True,3,2019,,False,False,False,True,True,2.0,True,2.0,True,2.0
ALUNO-6,True,1,2022,,False,False,False,False,False,,False,,True,2.0
ALUNO-7,True,1,2022,,False,False,False,False,False,,False,,True,1.0
ALUNO-8,True,3,2017,,False,True,True,True,True,4.0,True,5.0,True,5.0
ALUNO-9,True,1,2022,,False,False,False,False,False,,False,,True,0.0
ALUNO-10,False,1,2019,2020.0,False,False,False,True,True,3.0,False,,False,
ALUNO-11,True,3,2020,,False,False,False,False,True,0.0,True,1.0,True,1.0
ALUNO-12,False,1,2017,2020.0,False,True,True,True,True,3.0,False,,False,
ALUNO-13,False,1,2021,2021.0,False,False,False,False,False,,True,0.0,False,
ALUNO-14,False,1,2018,2020.0,False,False,True,True,True,2.0,False,,False,
ALUNO-15,False,1,2019,2020.0,False,False,False,True,True,2.0,False,,False,
ALUNO-16,True,1,2022,,False,False,False,False,False,,False,,True,1.0
ALUNO-17,True,3,2018,,False,False,True,True,True,1.0,True,1.0,True,1.0
ALUNO-18,True,3,2017,,False,True,True,True,True,3.0,True,4.0,True,4.0
ALUNO-19,True,2,2021,,False,False,False,False,False,,True,2.0,True,2.0
ALUNO-20,True,1,2022,,False,False,False,False,False,,False,,True,0.0
ALUNO-21,True,1,2022,,False,False,False,False,False,,False,,True,3.0
ALUNO-22,True,1,2022,,False,False,False,False,False,,False,,True,0.0
ALUNO-23,True,1,2022,,False,False,False,False,False,,False,,True,1.0
ALUNO-24,True,1,2022,,False,False,False,False,False,,False,,True,2.0
ALUNO-25,True,1,2022,,False,False,False,False,False,,False,,True,0.0
ALUNO-26,True,1,2022,,False,False,False,False,False,,False,,True,0.0
ALUNO-27,True,1,2022,,False,False,False,False,False,,False,,True,2.0
ALUNO-28,False,2,2018,2021.0,False,False,True,True,True,3.0,True,4.0,False,
ALUNO-29,True,2,2021,,False,False,False,False,False,,True,3.0,True,3.0
ALUNO-30,True,2,2020,,False,False,False,False,True,0.0,False,,True,0.0
ALUNO-31,True,1,2022,,False,False,False,False,False,,False,,True,0.0
ALUNO-32,True,1,2022,,False,False,False,False,False,,False,,True,7.0
ALUNO-33,False,1,2020,2020.0,False,False,False,False,True,3.0,False,,False,
ALUNO-34,True,3,2018,,False,False,True,True,True,2.0,True,2.0,True,3.0
ALUNO-35,False,2,2017,2021.0,False,True,True,True,True,7.0,True,7.0,False,
ALUNO-36,True,3,2019,,False,False,False,True,True,3.0,True,3.0,True,4.0
ALUNO-37,True,3,2018,,False,False,True,True,True,2.0,True,2.0,True,2.0
ALUNO-38,True,2,2021,,False,False,False,False,False,,True,3.0,True,3.0
ALUNO-39,False,1,2017,2020.0,False,True,True,True,True,3.0,False,,False,
ALUNO-40,False,1,2021,2021.0,False,False,False,False,False,,True,5.0,False,
ALUNO-41,False,2,2020,2021.0,False,False,False,False,True,1.0,True,2.0,False,
ALUNO-42,True,2,2021,,False,False,False,False,False,,True,0.0,True,0.0
ALUNO-43,False,1,2018,2020.0,False,False,True,True,True,4.0,False,,False,
ALUNO-44,False,1,2020,2020.0,False,False,False,False,True,1.0,False,,False,
ALUNO-45,True,2,2019,,False,False,False,True,True,1.0,False,,True,2.0
ALUNO-46,True,3,2020,,False,False,False,False,True,0.0,True,0.0,True,1.0
ALUNO-47,True,2,2021,,False,False,False,False,False,,True,1.0,True,1.0
ALUNO-48,True,1,2022,,False,False,False,False,False,,False,,True,5.0
ALUNO-49,True,1,2022,,False,False,False,False,False,,False,,True,0.0
ALUNO-50,True,1,2022,,False,False,False,False,False,,False,,True,3.0
ALUNO-51,True,3,2019,,False,False,False,True,True,0.0,True,1.0,True,1.0
ALUNO-52,False,1,2018,2020.0,False,False,True,True,True,2.0,False,,False,
ALUNO-53,False,1,2016,2020.0,True,True,True,True,True,5.0,False,,False,
ALUNO-54,False,1,2021,2021.0,False,False,False,False,False,,True,3.0,False,
ALUNO-55,False,2,2017,2021.0,False,True,True,True,True,6.0,True,7.0,False,
ALUNO-56,True,2,2021,,False,False,False,False,False,,True,6.0,True,7.0
ALUNO-57,False,2,2018,2021.0,False,False,True,True,True,6.0,True,7.0,False,
ALUNO-58,True,1,2022,,False,False,False,False,False,,False,,True,3.0
ALUNO-59,False,1,2020,2020.0,False,False,False,False,True,3.0,False,,False,
ALUNO-60,True,3,2016,,True,True,True,True,True,5.0,True,6.0,True,7.0
ALUNO-61,True,3,2020,,False,False,False,False,True,1.0,True,1.0,True,2.0
ALUNO-62,False,2,2020,2021.0,False,False,False,False,True,2.0,True,2.0,False,
ALUNO-63,True,1,2022,,False,False,False,False,False,,False,,True,0.0
ALUNO-64,True,1,2022,,False,False,False,False,False,,False,,True,3.0
ALUNO-65,True,2,2021,,False,False,False,False,False,,True,0.0,True,1.0
ALUNO-66,True,2,2021,,False,False,False,False,False,,True,2.0,True,3.0
ALUNO-67,True,2,2021,,False,False,False,False,False,,True,1.0,True,1.0
ALUNO-68,False,1,2020,2020.0,False,False,False,False,True,1.0,False,,False,
ALUNO-69,True,1,2022,,False,False,False,False,False,,False,,True,0.0
ALUNO-70,True,1,2022,,False,False,False,False,False,,False,,True,2.0
ALUNO-71,False,2,2019,2021.0,False,False,False,True,True,0.0,True,0.0,False,
ALUNO-72,True,1,2022,,False,False,False,False,False,,False,,True,0.0
ALUNO-73,True,1,2022,,False,False,False,False,False,,False,,True,4.0
ALUNO-74,True,1,2022,,False,False,False,False,False,,False,,True,4.0
ALUNO-75,True,3,2019,,False,False,False,True,True,3.0,True,4.0,True,5.0
ALUNO-76,True,3,2020,,False,False,False,False,True,0.0,True,1.0,True,1.0
ALUNO-77,True,2,2021,,False,False,False,False,False,,True,0.0,True,0.0
ALUNO-78,True,3,2017,,False,True,True,True,True,1.0,True,1.0,True,1.0
ALUNO-79,True,1,2022,,False,False,False,False,False,,False,,True,3.0
ALUNO-80,True,2,2019,,False,False,False,True,True,2.0,False,,True,2.0
ALUNO-81,True,3,2019,,False,False,False,True,True,4.0,True,5.0,True,6.0
ALUNO-82,False,1,2020,2020.0,False,False,False,False,True,0.0,False,,False,
ALUNO-83,True,3,2016,,True,True,True,True,True,4.0,True,5.0,True,5.0
ALUNO-84,True,3,2020,,False,False,False,False,True,0.0,True,1.0,True,1.0
ALUNO-85,True,3,2019,,False,False,False,True,True,0.0,True,0.0,True,1.0
ALUNO-86,False,1,2019,2020.0,False,False,False,True,True,6.0,False,,False,
ALUNO-87,True,3,2016,,True,True,True,True,True,4.0,True,5.0,True,5.0
ALUNO-88,True,3,2018,,False,False,True,True,True,2.0,True,2.0,True,3.0
ALUNO-89,False,1,2019,2020.0,False,False,False,True,True,0.0,False,,False,
ALUNO-90,True,3,2019,,False,False,False,True,True,3.0,True,4.0,True,5.0
ALUNO-91,True,3,2018,,False,False,True,True,True,2.0,True,2.0,True,2.0
ALUNO-92,True,1,2022,,False,False,False,False,False,,False,,True,0.0
ALUNO-93,False,1,2021,2021.0,False,False,False,False,False,,True,0.0,False,
ALUNO-94,False,2,2019,2021.0,False,False,False,True,True,3.0,True,4.0,False,
ALUNO-95,False,2,2019,2021.0,False,False,False,True,True,3.0,True,4.0,False,
ALUNO-96,False,1,2019,2020.0,False,False,False,True,True,7.0,False,,False,
ALUNO-97,True,3,2018,,False,False,True,True,True,2.0,True,2.0,True,3.0
ALUNO-98,True,2,2021,,False,False,False,False,False,,True,3.0,True,3.0
ALUNO-99,True,1,2022,,False,False,False,False,False,,False,,True,7.0
ALUNO-100,True,3,2018,,False,False,True,True,True,1.0,True,1.0,True,2.0
ALUNO-101,True,1,2022,,False,False,False,False,False,,False,,True,3.0
ALUNO-102,True,3,2020,,False,False,False,False,True,1.0,True,1.0,True,1.0
ALUNO-103,True,3,2020,,False,False,False,False,True,0.0,True,1.0,True,1.0
ALUNO-104,True,2,2021,,False,False,False,False,False,,True,0.0,True,0.0
ALUNO-105,False,2,2020,2021.0,False,False,False,False,True,3.0,True,4.0,False,
ALUNO-106,False,2,2020,2021.0,False,False,False,False,True,0.0,True,1.0,False,
ALUNO-107,True,1,2022,,False,False,False,False,False,,False,,True,0.0
ALUNO-108,True,1,2022,,False,False,False,False,False,,False,,True,0.0
ALUNO-109,False,1,2021,2021.0,False,False,False,False,False,,True,6.0,False,
ALUNO-110,True,1,2022,,False,False,False,False,False,,False,,True,0.0
ALUNO-111,False,2,2020,2021.0,False,False,False,False,True,3.0,True,4.0,False,
ALUNO-112,False,2,2018,2021.0,False,False,True,True,True,3.0,True,4.0,False,
ALUNO-113,True,3,2019,,False,False,False,True,True,1.0,True,2.0,True,3.0
ALUNO-114,True,1,2022,,False,False,False,False,False,,False,,True,0.0
ALUNO-115,False,1,2019,2020.0,False,False,False,True,True,4.0,False,,False,
ALUNO-116,True,1,2022,,False,False,False,False,False,,False,,True,2.0
ALUNO-117,False,2,2020,2021.0,False,False,False,False,True,1.0,True,2.0,False,
ALUNO-118,True,3,2019,,False,False,False,True,True,1.0,True,1.0,True,1.0
ALUNO-119,True,1,2022,,False,False,False,False,False,,False,,True,3.0
ALUNO-120,False,2,2019,2021.0,False,False,False,True,True,0.0,True,1.0,False,
ALUNO-121,True,1,2022,,False,False,False,False,False,,False,,True,2.0
ALUNO-122,True,1,2022,,False,False,False,False,False,,False,,True,1.0
ALUNO-123,True,1,2022,,False,False,False,False,False,,False,,True,2.0
ALUNO-124,True,2,2021,,False,False,False,False,False,,True,0.0,True,1.0
ALUNO-125,False,2,2020,2021.0,False,False,False,False,True,1.0,True,2.0,False,
ALUNO-126,True,2,2021,,False,False,False,False,False,,True,0.0,True,0.0
ALUNO-127,True,2,2021,,False,False,False,False,False,,True,1.0,True,1.0
ALUNO-128,True,3,2019,,False,False,False,True,True,0.0,True,0.0,True,0.0
ALUNO-129,True,2,2021,,False,False,False,False,False,,True,2.0,True,2.0
ALUNO-130,True,1,2022,,False,False,False,False,False,,False,,True,0.0
ALUNO-131,True,1,2022,,False,False,False,False,False,,False,,True,3.0
ALUNO-132,False,1,2017,2020.0,False,True,True,True,True,4.0,False,,False,
ALUNO-133,True,3,2019,,False,False,False,True,True,0.0,True,1.0,True,1.0
ALUNO-134,True,1,2022,,False,False,False,False,False,,False,,True,3.0
ALUNO-135,True,3,2019,,False,False,False,True,True,1.0,True,1.0,True,1.0
ALUNO-136,False,1,2018,2020.0,False,False,True,True,True,5.0,False,,False,
ALUNO-137,False,1,2021,2021.0,False,False,False,False,False,,True,0.0,False,
ALUNO-138,True,1,2022,,False,False,False,False,False,,False,,True,0.0
ALUNO-139,False,1,2020,2020.0,False,False,False,False,True,5.0,False,,False,
ALUNO-140,True,1,2022,,False,False,False,False,False,,False,,True,0.0
ALUNO-141,True,1,2022,,False,False,False,False,False,,False,,True,3.0
ALUNO-142,True,1,2022,,False,False,False,False,False,,False,,True,3.0
ALUNO-143,True,2,2021,,False,False,False,False,False,,True,3.0,True,3.0
ALUNO-144,True,1,2022,,False,False,False,False,False,,False,,True,4.0
ALUNO-145,False,1,2019,2020.0,False,False,False,True,True,7.0,False,,False,
ALUNO-146,False,1,2018,2020.0,False,False,True,True,True,1.0,False,,False,
ALUNO-147,False,1,2019,2020.0,False,False,False,True,True,2.0,False,,False,
ALUNO-148,True,1,2022,,False,False,False,False,False,,False,,True,1.0
ALUNO-149,False,2,2019,2021.0,False,False,False,True,True,6.0,True,7.0,False,
ALUNO-150,True,1,2022,,False,False,False,False,False,,False,,True,2.0
ALUNO-151,True,3,2019,,False,False,False,True,True,1.0,True,2.0,True,3.0
ALUNO-152,True,3,2019,,False,False,False,True,True,3.0,True,3.0,True,4.0
ALUNO-153,True,3,2017,,False,True,True,True,True,4.0,True,4.0,True,5.0
ALUNO-154,True,3,2019,,False,False,False,True,True,1.0,True,1.0,True,1.0
ALUNO-155,False,1,2021,2021.0,False,False,False,False,False,,True,6.0,False,
ALUNO-156,True,3,2018,,False,False,True,True,True,2.0,True,3.0,True,4.0
ALUNO-157,False,1,2019,2020.0,False,False,False,True,True,1.0,False,,False,
ALUNO-158,True,3,2018,,False,False,True,True,True,3.0,True,4.0,True,4.0
ALUNO-159,True,2,2021,,False,False,False,False,False,,True,0.0,True,0.0
ALUNO-160,False,1,2018,2020.0,False,False,True,True,True,1.0,False,,False,
ALUNO-161,False,1,2016,2020.0,True,True,True,True,True,8.0,False,,False,
ALUNO-162,False,2,2018,2021.0,False,False,True,True,True,1.0,True,1.0,False,
ALUNO-163,False,1,2017,2020.0,False,True,True,True,True,1.0,False,,False,
ALUNO-164,True,3,2019,,False,False,False,True,True,1.0,True,2.0,True,2.0
ALUNO-165,True,3,2019,,False,False,False,True,True,0.0,True,1.0,True,1.0
ALUNO-166,True,1,2022,,False,False,False,False,False,,False,,True,1.0
ALUNO-167,True,2,2021,,False,False,False,False,False,,True,1.0,True,2.0
ALUNO-168,True,3,2019,,False,False,False,True,True,1.0,True,2.0,True,2.0
ALUNO-169,True,3,2020,,False,False,False,False,True,0.0,True,0.0,True,0.0
ALUNO-170,True,1,2022,,False,False,False,False,False,,False,,True,1.0
ALUNO-171,True,2,2021,,False,False,False,False,False,,True,3.0,True,4.0
ALUNO-172,True,1,2022,,False,False,False,False,False,,False,,True,1.0
ALUNO-173,False,2,2016,2021.0,True,True,True,True,True,5.0,True,5.0,False,
ALUNO-174,False,1,2017,2020.0,False,True,True,True,True,5.0,False,,False,
ALUNO-175,True,1,2022,,False,False,False,False,False,,False,,True,4.0
ALUNO-176,True,2,2021,,False,False,False,False,False,,True,2.0,True,3.0
ALUNO-177,True,2,2021,,False,False,False,False,False,,True,0.0,True,0.0
ALUNO-178,True,1,2022,,False,False,False,False,False,,False,,True,0.0
ALUNO-179,True,1,2022,,False,False,False,False,False,,False,,True,2.0
ALUNO-180,True,1,2022,,False,False,False,False,False,,False,,True,0.0
ALUNO-181,True,1,2022,,False,False,False,False,False,,False,,True,0.0
ALUNO-182,True,1,2022,,False,False,False,False,False,,False,,True,0.0
ALUNO-183,False,1,2018,2020.0,False,False,True,True,True,0.0,False,,False,
ALUNO-184,False,2,2018,2021.0,False,False,True,True,True,1.0,True,2.0,False,
ALUNO-185,True,2,2021,,False,False,False,False,False,,True,0.0,True,0.0
ALUNO-186,False,1,2020,2020.0,False,False,False,False,True,3.0,False,,False,
ALUNO-187,False,1,2020,2020.0,False,False,False,False,True,2.0,False,,False,
ALUNO-188,False,2,2018,2021.0,False,False,True,True,True,3.0,True,3.0,False,
ALUNO-189,False,1,2020,2020.0,False,False,False,False,True,1.0,False,,False,
ALUNO-190,False,1,2017,2020.0,False,True,True,True,True,7.0,False,,False,
ALUNO-191,True,1,2022,,False,False,False,False,False,,False,,True,1.0
ALUNO-192,True,2,2018,,False,False,True,True,True,1.0,False,,True,2.0
ALUNO-193,True,3,2016,,True,True,True,True,True,3.0,True,3.0,True,4.0
ALUNO-194,False,1,2017,2020.0,False,True,True,True,True,6.0,False,,False,
ALUNO-195,True,1,2022,,False,False,False,False,False,,False,,True,2.0
ALUNO-196,True,1,2022,,False,False,False,False,False,,False,,True,3.0
ALUNO-197,True,3,2019,,False,False,False,True,True,3.0,True,3.0,True,4.0
ALUNO-198,False,1,2017,2020.0,False,True,True,True,True,6.0,False,,False,
ALUNO-199,False,1,2019,2020.0,False,False,False,True,True,3.0,False,,False,
ALUNO-200,True,3,2016,,True,True,True,True,True,4.0,True,4.0,True,4.0
ALUNO-201,True,3,2019,,False,False,False,True,True,3.0,True,4.0,True,5.0
ALUNO-202,False,1,2018,2020.0,False,False,True,True,True,2.0,False,,False,
ALUNO-203,True,1,2022,,False,False,False,False,False,,False,,True,2.0
ALUNO-204,True,1,2022,,False,False,False,False,False,,False,,True,1.0
ALUNO-205,True,1,2022,,False,False,False,False,False,,False,,True,0.0
ALUNO-206,False,2,2018,2021.0,False,False,True,True,True,6.0,True,7.0,False,
ALUNO-207,True,2,2021,,False,False,False,False,False,,True,3.0,True,3.0
ALUNO-208,False,2,2020,2021.0,False,False,False,False,True,2.0,True,2.0,False,
ALUNO-209,False,2,2019,2021.0,False,False,False,True,True,0.0,True,1.0,False,
ALUNO-210,False,1,2017,2020.0,False,True,True,True,True,5.0,False,,False,
ALUNO-211,True,1,2022,,False,False,False,False,False,,False,,True,1.0
ALUNO-212,True,3,2019,,False,False,False,True,True,0.0,True,0.0,True,0.0
ALUNO-213,False,2,2018,2021.0,False,False,True,True,True,2.0,True,3.0,False,
ALUNO-214,True,1,2022,,False,False,False,False,False,,False,,True,2.0
ALUNO-215,False,1,2019,2020.0,False,False,False,True,True,1.0,False,,False,
ALUNO-216,False,1,2019,2020.0,False,False,False,True,True,8.0,False,,False,
ALUNO-217,True,3,2019,,False,False,False,True,True,1.0,True,1.0,True,2.0
ALUNO-218,True,2,2021,,False,False,False,False,False,,True,0.0,True,1.0
ALUNO-219,True,3,2019,,False,False,False,True,True,2.0,True,2.0,True,2.0
ALUNO-220,True,1,2022,,False,False,False,False,False,,False,,True,1.0
ALUNO-221,True,2,2021,,False,False,False,False,False,,True,3.0,True,3.0
ALUNO-222,False,1,2019,2020.0,False,False,False,True,True,1.0,False,,False,
ALUNO-223,False,1,2019,2020.0,False,False,False,True,True,1.0,False,,False,
ALUNO-224,True,1,2022,,False,False,False,False,False,,False,,True,1.0
ALUNO-225,True,3,2016,,True,True,True,True,True,4.0,True,5.0,True,5.0
ALUNO-226,False,2,2018,2021.0,False,False,True,True,True,2.0,True,2.0,False,
ALUNO-227,False,1,2020,2020.0,False,False,False,False,True,3.0,False,,False,
ALUNO-228,True,1,2022,,False,False,False,False,False,,False,,True,1.0
ALUNO-229,True,3,2019,,False,False,False,True,True,1.0,True,0.0,True,0.0
ALUNO-230,False,1,2016,2020.0,True,True,True,True,True,3.0,False,,False,
ALUNO-231,False,2,2019,2021.0,False,False,False,True,True,6.0,True,7.0,False,
ALUNO-232,True,2,2021,,False,False,False,False,False,,True,5.0,True,6.0
ALUNO-233,True,1,2022,,False,False,False,False,False,,False,,True,0.0
ALUNO-234,True,1,2022,,False,False,False,False,False,,False,,True,0.0
ALUNO-235,True,3,2019,,False,False,False,True,True,3.0,True,3.0,True,4.0
ALUNO-236,True,1,2022,,False,False,False,False,False,,False,,True,0.0
ALUNO-237,True,1,2022,,False,False,False,False,False,,False,,True,2.0
ALUNO-238,False,2,2019,2021.0,False,False,False,True,True,2.0,True,2.0,False,
ALUNO-239,True,1,2022,,False,False,False,False,False,,False,,True,1.0
ALUNO-240,False,1,2021,2021.0,False,False,False,False,False,,True,3.0,False,
ALUNO-241,True,3,2017,,False,True,True,True,True,1.0,True,2.0,True,2.0
ALUNO-242,True,3,2018,,False,False,True,True,True,1.0,True,2.0,True,2.0
ALUNO-243,False,1,2021,2021.0,False,False,False,False,False,,True,0.0,False,
ALUNO-244,True,1,2022,,False,False,False,False,False,,False,,True,0.0
ALUNO-245,True,1,2022,,False,False,False,False,False,,False,,True,0.0
ALUNO-246,True,3,2019,,False,False,False,True,True,1.0,True,1.0,True,1.0
ALUNO-247,True,2,2021,,False,False,False,False,False,,True,0.0,True,1.0
ALUNO-248,True,1,2022,,False,False,False,False,False,,False,,True,1.0
ALUNO-249,False,1,2021,2021.0,False,False,False,False,False,,True,1.0,False,
ALUNO-250,True,1,2022,,False,False,False,False,False,,False,,True,0.0
ALUNO-251,True,3,2019,,False,False,False,True,True,1.0,True,2.0,True,2.0
ALUNO-252,True,2,2021,,False,False,False,False,False,,True,0.0,True,0.0
ALUNO-253,True,1,2022,,False,False,False,False,False,,False,,True,0.0
ALUNO-254,True,1,2022,,False,False,False,False,False,,False,,True,0.0
ALUNO-255,True,1,2022,,False,False,False,False,False,,False,,True,0.0
ALUNO-256,True,1,2022,,False,False,False,False,False,,False,,True,1.0
ALUNO-257,True,1,2022,,False,False,False,False,False,,False,,True,2.0
ALUNO-258,True,2,2021,,False,False,False,False,False,,True,0.0,True,0.0
ALUNO-259,False,1,2019,2020.0,False,False,False,True,True,7.0,False,,False,
ALUNO-260,True,2,2021,,False,False,False,False,False,,True,0.0,True,0.0
ALUNO-261,False,2,2020,2021.0,False,False,False,False,True,3.0,True,4.0,False,
ALUNO-262,True,3,2017,,False,True,True,True,True,5.0,True,6.0,True,7.0
ALUNO-263,True,3,2016,,True,True,True,True,True,5.0,True,6.0,True,7.0
ALUNO-264,True,1,2022,,False,False,False,False,False,,False,,True,1.0
ALUNO-265,False,1,2019,2020.0,False,False,False,True,True,4.0,False,,False,
ALUNO-266,True,3,2019,,False,False,False,True,True,1.0,True,2.0,True,2.0
ALUNO-267,True,3,2018,,False,False,True,True,True,3.0,True,4.0,True,4.0
ALUNO-268,True,1,2022,,False,False,False,False,False,,False,,True,0.0
ALUNO-269,False,1,2019,2020.0,False,False,False,True,True,1.0,False,,False,
ALUNO-270,False,1,2017,2020.0,False,True,True,True,True,3.0,False,,False,
ALUNO-271,False,1,2021,2021.0,False,False,False,False,False,,True,3.0,False,
ALUNO-272,True,1,2022,,False,False,False,False,False,,False,,True,1.0
ALUNO-273,True,3,2018,,False,False,True,True,True,1.0,True,1.0,True,1.0
ALUNO-274,False,2,2018,2021.0,False,False,True,True,True,5.0,True,5.0,False,
ALUNO-275,True,3,2017,,False,True,True,True,True,3.0,True,3.0,True,4.0
ALUNO-276,True,1,2022,,False,False,False,False,False,,False,,True,0.0
ALUNO-277,True,3,2018,,False,False,True,True,True,1.0,True,1.0,True,1.0
ALUNO-278,False,1,2019,2020.0,False,False,False,True,True,5.0,False,,False,
ALUNO-279,True,1,2022,,False,False,False,False,False,,False,,True,3.0
ALUNO-280,False,1,2018,2020.0,False,False,True,True,True,1.0,False,,False,
ALUNO-281,True,1,2022,,False,False,False,False,False,,False,,True,1.0
ALUNO-282,True,2,2021,,False,False,False,False,False,,True,5.0,True,6.0
ALUNO-283,True,2,2021,,False,False,False,False,False,,True,5.0,True,6.0
ALUNO-284,False,1,2020,2020.0,False,False,False,False,True,3.0,False,,False,
ALUNO-285,False,1,2020,2020.0,False,False,False,False,True,2.0,False,,False,
ALUNO-286,False,1,2020,2020.0,False,False,False,False,True,1.0,False,,False,
ALUNO-287,False,1,2019,2020.0,False,False,False,True,True,2.0,False,,False,
ALUNO-288,True,3,2020,,False,False,False,False,True,2.0,True,3.0,True,4.0
ALUNO-289,True,1,2022,,False,False,False,False,False,,False,,True,1.0
ALUNO-290,True,1,2022,,False,False,False,False,False,,False,,True,2.0
ALUNO-291,True,1,2022,,False,False,False,False,False,,False,,True,2.0
ALUNO-292,True,2,2019,,False,False,False,True,True,4.0,False,,True,6.0
ALUNO-293,True,3,2019,,False,False,False,True,True,5.0,True,5.0,True,5.0
ALUNO-294,True,2,2021,,False,False,False,False,False,,True,0.0,True,0.0
ALUNO-295,True,3,2017,,False,True,True,True,True,1.0,True,1.0,True,2.0
ALUNO-296,True,3,2020,,False,False,False,False,True,2.0,True,2.0,True,2.0
ALUNO-297,False,2,2019,2021.0,False,False,False,True,True,3.0,True,3.0,False,
ALUNO-298,True,2,2018,,False,False,True,True,True,1.0,False,,True,1.0
ALUNO-299,False,1,2016,2020.0,True,True,True,True,True,8.0,False,,False,
ALUNO-300,False,1,2019,2020.0,False,False,False,True,True,8.0,False,,False,
ALUNO-301,True,3,2019,,False,False,False,True,True,1.0,True,2.0,True,2.0
ALUNO-302,True,1,2022,,False,False,False,False,False,,False,,True,0.0
ALUNO-303,False,1,2021,2021.0,False,False,False,False,False,,True,0.0,False,
ALUNO-304,True,1,2022,,False,False,False,False,False,,False,,True,0.0
ALUNO-305,True,3,2018,,False,False,True,True,True,2.0,True,3.0,True,4.0
ALUNO-306,False,1,2019,2020.0,False,False,False,True,True,7.0,False,,False,
ALUNO-307,True,1,2022,,False,False,False,False,False,,False,,True,3.0
ALUNO-308,True,1,2022,,False,False,False,False,False,,False,,True,0.0
ALUNO-309,False,1,2019,2020.0,False,False,False,True,True,1.0,False,,False,
ALUNO-310,False,1,2021,2021.0,False,False,False,False,False,,True,0.0,False,
ALUNO-311,True,1,2022,,False,False,False,False,False,,False,,True,0.0
ALUNO-312,True,3,2019,,False,False,False,True,True,2.0,True,2.0,True,3.0
ALUNO-313,True,3,2020,,False,False,False,False,True,0.0,True,0.0,True,1.0
ALUNO-314,True,1,2022,,False,False,False,False,False,,False,,True,2.0
ALUNO-315,False,2,2019,2021.0,False,False,False,True,True,4.0,True,5.0,False,
ALUNO-316,True,2,2020,,False,False,False,False,True,2.0,False,,True,3.0
ALUNO-317,True,1,2022,,False,False,False,False,False,,False,,True,0.0
ALUNO-318,False,1,2020,2020.0,False,False,False,False,True,0.0,False,,False,
ALUNO-319,False,2,2019,2021.0,False,False,False,True,True,2.0,True,2.0,False,
ALUNO-320,True,1,2022,,False,False,False,False,False,,False,,True,2.0
ALUNO-321,False,2,2019,2021.0,False,False,False,True,True,6.0,True,7.0,False,
ALUNO-322,True,1,2022,,False,False,False,False,False,,False,,True,1.0
ALUNO-323,True,3,2016,,True,True,True,True,True,1.0,True,1.0,True,1.0
ALUNO-324,False,2,2019,2021.0,False,False,False,True,True,6.0,True,7.0,False,
ALUNO-325,True,1,2022,,False,False,False,False,False,,False,,True,0.0
ALUNO-326,True,1,2022,,False,False,False,False,False,,False,,True,0.0
ALUNO-327,True,1,2022,,False,False,False,False,False,,False,,True,0.0
ALUNO-328,False,1,2020,2020.0,False,False,False,False,True,3.0,False,,False,
ALUNO-329,False,1,2017,2020.0,False,True,True,True,True,7.0,False,,False,
ALUNO-330,True,2,2017,,False,True,True,True,True,1.0,False,,True,3.0
ALUNO-331,True,2,2021,,False,False,False,False,False,,True,0.0,True,1.0
ALUNO-332,True,3,2019,,False,False,False,True,True,1.0,True,1.0,True,2.0
ALUNO-333,True,1,2022,,False,False,False,False,False,,False,,True,0.0
ALUNO-334,True,1,2022,,False,False,False,False,False,,False,,True,0.0
ALUNO-335,False,1,2020,2020.0,False,False,False,False,True,0.0,False,,False,
ALUNO-336,True,2,2021,,False,False,False,False,False,,True,0.0,True,0.0
ALUNO-337,True,3,2016,,True,True,True,True,True,5.0,True,5.0,True,6.0
ALUNO-338,False,1,2018,2020.0,False,False,True,True,True,7.0,False,,False,
ALUNO-339,False,2,2018,2021.0,False,False,True,True,True,3.0,True,3.0,False,
ALUNO-340,True,3,2018,,False,False,True,True,True,3.0,True,3.0,True,5.0
ALUNO-341,False,1,2018,2020.0,False,False,True,True,True,8.0,False,,False,
ALUNO-342,True,3,2016,,True,True,True,True,True,2.0,True,2.0,True,3.0
ALUNO-343,False,2,2020,2021.0,False,False,False,False,True,3.0,True,5.0,False,
ALUNO-344,False,1,2019,2020.0,False,False,False,True,True,6.0,False,,False,
ALUNO-345,True,3,2019,,False,False,False,True,True,0.0,True,1.0,True,1.0
ALUNO-346,False,2,2019,2021.0,False,False,False,True,True,1.0,True,1.0,False,
ALUNO-347,True,1,2022,,False,False,False,False,False,,False,,True,0.0
ALUNO-348,True,3,2019,,False,False,False,True,True,0.0,True,1.0,True,1.0
ALUNO-349,False,2,2020,2021.0,False,False,False,False,True,0.0,True,1.0,False,
ALUNO-350,True,1,2022,,False,False,False,False,False,,False,,True,0.0
ALUNO-351,True,1,2022,,False,False,False,False,False,,False,,True,2.0
ALUNO-352,True,2,2021,,False,False,False,False,False,,True,4.0,True,4.0
ALUNO-353,False,1,2019,2020.0,False,False,False,True,True,2.0,False,,False,
ALUNO-354,False,1,2016,2020.0,True,True,True,True,True,4.0,False,,False,
ALUNO-355,False,1,2019,2020.0,False,False,False,True,True,1.0,False,,False,
ALUNO-356,True,1,2022,,False,False,False,False,False,,False,,True,0.0
ALUNO-357,True,2,2021,,False,False,False,False,False,,True,3.0,True,3.0
ALUNO-358,True,1,2022,,False,False,False,False,False,,False,,True,7.0
ALUNO-359,True,3,2019,,False,False,False,True,True,2.0,True,2.0,True,3.0
ALUNO-360,True,1,2022,,False,False,False,False,False,,False,,True,3.0
ALUNO-361,False,1,2019,2020.0,False,False,False,True,True,1.0,False,,False,
ALUNO-362,True,1,2022,,False,False,False,False,False,,False,,True,3.0
ALUNO-363,True,2,2021,,False,False,False,False,False,,True,0.0,True,0.0
ALUNO-364,True,3,2019,,False,False,False,True,True,1.0,True,2.0,True,2.0
ALUNO-365,True,3,2017,,False,True,True,True,True,5.0,True,6.0,True,7.0
ALUNO-366,True,1,2022,,False,False,False,False,False,,False,,True,3.0
ALUNO-367,False,2,2016,2021.0,True,True,True,True,True,3.0,True,4.0,False,
ALUNO-368,False,1,2019,2020.0,False,False,False,True,True,8.0,False,,False,
ALUNO-369,True,1,2022,,False,False,False,False,False,,False,,True,5.0
ALUNO-370,True,3,2019,,False,False,False,True,True,3.0,True,3.0,True,4.0
ALUNO-371,False,1,2017,2020.0,False,True,True,True,True,7.0,False,,False,
ALUNO-372,False,2,2017,2021.0,False,True,True,True,True,2.0,True,2.0,False,
ALUNO-373,True,3,2017,,False,True,True,True,True,3.0,True,4.0,True,5.0
ALUNO-374,False,1,2021,2021.0,False,False,False,False,False,,True,7.0,False,
ALUNO-375,True,3,2016,,True,True,True,True,True,2.0,True,2.0,True,3.0
ALUNO-376,False,1,2021,2021.0,False,False,False,False,False,,True,4.0,False,
ALUNO-377,True,3,2017,,False,True,True,True,True,3.0,True,3.0,True,3.0
ALUNO-378,True,3,2016,,True,True,True,True,True,5.0,True,6.0,True,7.0
ALUNO-379,False,2,2018,2021.0,False,False,True,True,True,3.0,True,4.0,False,
ALUNO-380,False,1,2016,2020.0,True,True,True,True,True,8.0,False,,False,
ALUNO-381,True,3,2019,,False,False,False,True,True,0.0,True,0.0,True,0.0
ALUNO-382,False,1,2019,2020.0,False,False,False,True,True,8.0,False,,False,
ALUNO-383,False,2,2019,2021.0,False,False,False,True,True,0.0,True,0.0,False,
ALUNO-384,False,1,2021,2021.0,False,False,False,False,False,,True,1.0,False,
ALUNO-385,False,2,2020,2021.0,False,False,False,False,True,3.0,True,3.0,False,
ALUNO-386,True,1,2022,,False,False,False,False,False,,False,,True,0.0
ALUNO-387,True,3,2018,,False,False,True,True,True,2.0,True,3.0,True,4.0
ALUNO-388,True,3,2018,,False,False,True,True,True,2.0,True,2.0,True,2.0
ALUNO-389,False,2,2020,2021.0,False,False,False,False,True,5.0,True,6.0,False,
ALUNO-390,False,1,2019,2020.0,False,False,False,True,True,5.0,False,,False,
ALUNO-391,True,1,2022,,False,False,False,False,False,,False,,True,0.0
ALUNO-392,True,1,2022,,False,False,False,False,False,,False,,True,0.0
ALUNO-393,False,2,2017,2021.0,False,True,True,True,True,2.0,True,2.0,False,
ALUNO-394,True,3,2016,,True,True,True,True,True,4.0,True,4.0,True,4.0
ALUNO-395,True,1,2022,,False,False,False,False,False,,False,,True,3.0
ALUNO-396,True,3,2019,,False,False,False,True,True,4.0,True,5.0,True,6.0
ALUNO-397,False,2,2016,2021.0,True,True,True,True,True,3.0,True,3.0,False,
ALUNO-398,True,1,2022,,False,False,False,False,False,,False,,True,0.0
ALUNO-399,False,1,2020,2020.0,False,False,False,False,True,2.0,False,,False,
ALUNO-400,False,2,2019,2021.0,False,False,False,True,True,1.0,True,1.0,False,
ALUNO-401,False,1,2019,2020.0,False,False,False,True,True,3.0,False,,False,
ALUNO-402,True,1,2022,,False,False,False,False,False,,False,,True,0.0
ALUNO-403,True,2,2021,,False,False,False,False,False,,True,3.0,True,4.0
ALUNO-404,True,3,2016,,True,True,True,True,True,3.0,True,4.0,True,5.0
ALUNO-405,True,2,2021,,False,False,False,False,False,,True,0.0,True,1.0
ALUNO-406,True,3,2018,,False,False,True,True,True,1.0,True,1.0,True,1.0
ALUNO-407,True,3,2018,,False,False,True,True,True,3.0,True,4.0,True,5.0
ALUNO-408,False,2,2020,2021.0,False,False,False,False,True,0.0,True,1.0,False,
ALUNO-409,True,1,2022,,False,False,False,False,False,,False,,True,2.0
ALUNO-410,True,1,2022,,False,False,False,False,False,,False,,True,0.0
ALUNO-411,True,1,2022,,False,False,False,False,False,,False,,True,0.0
ALUNO-412,True,1,2022,,False,False,False,False,False,,False,,True,1.0
ALUNO-413,True,1,2022,,False,False,False,False,False,,False,,True,2.0
ALUNO-414,False,1,2019,2020.0,False,False,False,True,True,2.0,False,,False,
ALUNO-415,True,1,2022,,False,False,False,False,False,,False,,True,4.0
ALUNO-416,True,3,2018,,False,False,True,True,True,2.0,True,2.0,True,3.0
ALUNO-417,True,1,2022,,False,False,False,False,False,,False,,True,1.0
ALUNO-418,True,1,2022,,False,False,False,False,False,,False,,True,0.0
ALUNO-419,True,1,2022,,False,False,False,False,False,,False,,True,4.0
ALUNO-420,True,1,2022,,False,False,False,False,False,,False,,True,1.0
ALUNO-421,True,3,2018,,False,False,True,True,True,3.0,True,4.0,True,5.0
ALUNO-422,True,2,2021,,False,False,False,False,False,,True,0.0,True,1.0
ALUNO-423,False,1,2021,2021.0,False,False,False,False,False,,True,5.0,False,
ALUNO-424,True,3,2017,,False,True,True,True,True,1.0,True,2.0,True,2.0
ALUNO-425,True,3,2019,,False,False,False,True,True,3.0,True,3.0,True,4.0
ALUNO-426,False,1,2020,2020.0,False,False,False,False,True,1.0,False,,False,
ALUNO-427,True,1,2022,,False,False,False,False,False,,False,,True,0.0
ALUNO-428,True,1,2022,,False,False,False,False,False,,False,,True,1.0
ALUNO-429,True,1,2022,,False,False,False,False,False,,False,,True,2.0
ALUNO-430,True,1,2022,,False,False,False,False,False,,False,,True,0.0
ALUNO-431,False,1,2020,2020.0,False,False,False,False,True,0.0,False,,False,
ALUNO-432,True,2,2021,,False,False,False,False,False,,True,0.0,True,1.0
ALUNO-433,True,1,2022,,False,False,False,False,False,,False,,True,2.0
ALUNO-434,True,1,2022,,False,False,False,False,False,,False,,True,3.0
ALUNO-435,False,2,2020,2021.0,False,False,False,False,True,4.0,True,5.0,False,
ALUNO-436,True,2,2021,,False,False,False,False,False,,True,2.0,True,2.0
ALUNO-437,True,3,2018,,False,False,True,True,True,1.0,True,2.0,True,1.0
ALUNO-438,True,2,2021,,False,False,False,False,False,,True,5.0,True,7.0
ALUNO-439,False,1,2018,2020.0,False,False,True,True,True,4.0,False,,False,
ALUNO-440,False,1,2021,2021.0,False,False,False,False,False,,True,5.0,False,
ALUNO-441,True,3,2019,,False,False,False,True,True,2.0,True,2.0,True,3.0
ALUNO-442,False,2,2020,2021.0,False,False,False,False,True,0.0,True,1.0,False,
ALUNO-443,False,1,2019,2020.0,False,False,False,True,True,2.0,False,,False,
ALUNO-444,True,2,2021,,False,False,False,False,False,,True,1.0,True,2.0
ALUNO-445,False,1,2020,2020.0,False,False,False,False,True,1.0,False,,False,
ALUNO-446,True,1,2022,,False,False,False,False,False,,False,,True,0.0
ALUNO-447,True,3,2019,,False,False,False,True,True,0.0,True,1.0,True,1.0
ALUNO-448,True,3,2019,,False,False,False,True,True,2.0,True,3.0,True,2.0
ALUNO-449,True,3,2019,,False,False,False,True,True,1.0,True,2.0,True,2.0
ALUNO-450,True,3,2019,,False,False,False,True,True,4.0,True,5.0,True,5.0
ALUNO-451,False,2,2018,2021.0,False,False,True,True,True,1.0,True,1.0,False,
ALUNO-452,True,2,2021,,False,False,False,False,False,,True,1.0,True,1.0
ALUNO-453,False,1,2019,2020.0,False,False,False,True,True,1.0,False,,False,
ALUNO-454,True,1,2022,,False,False,False,False,False,,False,,True,5.0
ALUNO-455,True,3,2019,,False,False,False,True,True,2.0,True,2.0,True,2.0
ALUNO-456,True,1,2022,,False,False,False,False,False,,False,,True,1.0
ALUNO-457,False,1,2020,2020.0,False,False,False,False,True,1.0,False,,False,
ALUNO-458,False,1,2020,2020.0,False,False,False,False,True,1.0,False,,False,
ALUNO-459,False,1,2019,2020.0,False,False,False,True,True,5.0,False,,False,
ALUNO-460,False,1,2016,2020.0,True,True,True,True,True,5.0,False,,False,
ALUNO-461,True,1,2022,,False,False,False,False,False,,False,,True,1.0
ALUNO-462,False,1,2020,2020.0,False,False,False,False,True,5.0,False,,False,
ALUNO-463,True,3,2017,,False,True,True,True,True,3.0,True,4.0,True,5.0
ALUNO-464,False,1,2020,2020.0,False,False,False,False,True,4.0,False,,False,
ALUNO-465,True,2,2021,,False,False,False,False,False,,True,0.0,True,1.0
ALUNO-466,False,1,2017,2020.0,False,True,True,True,True,6.0,False,,False,
ALUNO-467,False,1,2019,2020.0,False,False,False,True,True,2.0,False,,False,
ALUNO-468,False,2,2018,2021.0,False,False,True,True,True,1.0,True,2.0,False,
ALUNO-469,True,3,2016,,True,True,True,True,True,3.0,True,4.0,True,4.0
ALUNO-470,True,1,2022,,False,False,False,False,False,,False,,True,1.0
ALUNO-471,True,1,2022,,False,False,False,False,False,,False,,True,1.0
ALUNO-472,False,1,2020,2020.0,False,False,False,False,True,1.0,False,,False,
ALUNO-473,False,1,2018,2020.0,False,False,True,True,True,1.0,False,,False,
ALUNO-474,True,3,2019,,False,False,False,True,True,1.0,True,2.0,True,2.0
ALUNO-475,True,1,2022,,False,False,False,False,False,,False,,True,3.0
ALUNO-476,False,1,2019,2020.0,False,False,False,True,True,7.0,False,,False,
ALUNO-477,True,3,2019,,False,False,False,True,True,2.0,True,2.0,True,2.0
ALUNO-478,False,1,2020,2020.0,False,False,False,False,True,2.0,False,,False,
ALUNO-479,True,1,2022,,False,False,False,False,False,,False,,True,6.0
ALUNO-480,True,1,2022,,False,False,False,False,False,,False,,True,0.0
ALUNO-481,True,1,2022,,False,False,False,False,False,,False,,True,0.0
ALUNO-482,True,3,2016,,True,True,True,True,True,2.0,True,2.0,True,3.0
ALUNO-483,True,3,2018,,False,False,True,True,True,2.0,True,2.0,True,3.0
ALUNO-484,False,1,2016,2020.0,True,True,True,True,True,8.0,False,,False,
ALUNO-485,False,1,2021,2021.0,False,False,False,False,False,,True,3.0,False,
ALUNO-486,True,3,2019,,False,False,False,True,True,2.0,True,2.0,True,3.0
ALUNO-487,False,2,2019,2021.0,False,False,False,True,True,0.0,True,0.0,False,
ALUNO-488,False,2,2019,2021.0,False,False,False,True,True,3.0,True,3.0,False,
ALUNO-489,True,1,2022,,False,False,False,False,False,,False,,True,1.0
ALUNO-490,True,3,2016,,True,True,True,True,True,3.0,True,4.0,True,4.0
ALUNO-491,True,2,2019,,False,False,False,True,True,1.0,False,,True,2.0
ALUNO-492,False,1,2018,2020.0,False,False,True,True,True,7.0,False,,False,
ALUNO-493,True,1,2022,,False,False,False,False,False,,False,,True,1.0
ALUNO-494,False,1,2021,2021.0,False,False,False,False,False,,True,1.0,False,
ALUNO-495,False,1,2019,2020.0,False,False,False,True,True,8.0,False,,False,
ALUNO-496,True,3,2018,,False,False,True,True,True,3.0,True,4.0,True,5.0
ALUNO-497,True,2,2021,,False,False,False,False,False,,True,2.0,True,3.0
ALUNO-498,True,2,2021,,False,False,False,False,False,,True,3.0,True,3.0
ALUNO-499,True,3,2017,,False,True,True,True,True,1.0,True,2.0,True,2.0
ALUNO-500,False,2,2019,2021.0,False,False,False,True,True,6.0,True,7.0,False,
ALUNO-501,True,1,2022,,False,False,False,False,False,,False,,True,1.0
ALUNO-502,True,3,2018,,False,False,True,True,True,4.0,True,4.0,True,4.0
ALUNO-503,True,3,2020,,False,False,False,False,True,0.0,True,0.0,True,1.0
ALUNO-504,True,1,2022,,False,False,False,False,False,,False,,True,5.0
ALUNO-505,True,1,2022,,False,False,False,False,False,,False,,True,4.0
ALUNO-506,False,2,2020,2021.0,False,False,False,False,True,0.0,True,0.0,False,
ALUNO-507,True,3,2016,,True,True,True,True,True,3.0,True,4.0,True,4.0
ALUNO-508,True,1,2022,,False,False,False,False,False,,False,,True,0.0
ALUNO-509,False,1,2018,2020.0,False,False,True,True,True,7.0,False,,False,
ALUNO-510,True,1,2022,,False,False,False,False,False,,False,,True,0.0
ALUNO-511,False,1,2021,2021.0,False,False,False,False,False,,True,0.0,False,
ALUNO-512,False,2,2019,2021.0,False,False,False,True,True,3.0,True,4.0,False,
ALUNO-513,True,3,2020,,False,False,False,False,True,1.0,True,1.0,True,1.0
ALUNO-514,True,1,2022,,False,False,False,False,False,,False,,True,5.0
ALUNO-515,False,1,2019,2020.0,False,False,False,True,True,5.0,False,,False,
ALUNO-516,True,1,2022,,False,False,False,False,False,,False,,True,0.0
ALUNO-517,False,1,2020,2020.0,False,False,False,False,True,5.0,False,,False,
ALUNO-518,False,2,2019,2021.0,False,False,False,True,True,6.0,True,7.0,False,
ALUNO-519,True,1,2022,,False,False,False,False,False,,False,,True,0.0
ALUNO-520,True,3,2018,,False,False,True,True,True,2.0,True,3.0,True,4.0
ALUNO-521,True,3,2018,,False,False,True,True,True,1.0,True,2.0,True,2.0
ALUNO-522,True,3,2018,,False,False,True,True,True,1.0,True,2.0,True,2.0
ALUNO-523,False,1,2021,2021.0,False,False,False,False,False,,True,3.0,False,
ALUNO-524,True,3,2020,,False,False,False,False,True,0.0,True,1.0,True,1.0
ALUNO-525,True,1,2022,,False,False,False,False,False,,False,,True,7.0
ALUNO-526,False,1,2021,2021.0,False,False,False,False,False,,True,1.0,False,
ALUNO-527,True,3,2017,,False,True,True,True,True,5.0,True,6.0,True,7.0
ALUNO-528,True,1,2022,,False,False,False,False,False,,False,,True,3.0
ALUNO-529,True,2,2021,,False,False,False,False,False,,True,1.0,True,1.0
ALUNO-530,False,1,2020,2020.0,False,False,False,False,True,1.0,False,,False,
ALUNO-531,False,2,2019,2021.0,False,False,False,True,True,4.0,True,5.0,False,
ALUNO-532,True,1,2022,,False,False,False,False,False,,False,,True,0.0
ALUNO-533,False,2,2019,2021.0,False,False,False,True,True,2.0,True,3.0,False,
ALUNO-534,False,1,2019,2020.0,False,False,False,True,True,0.0,False,,False,
ALUNO-535,False,1,2019,2020.0,False,False,False,True,True,1.0,False,,False,
ALUNO-536,True,2,2021,,False,False,False,False,False,,True,1.0,True,2.0
ALUNO-537,True,2,2021,,False,False,False,False,False,,True,0.0,True,0.0
ALUNO-538,False,1,2021,2021.0,False,False,False,False,False,,True,2.0,False,
ALUNO-539,True,1,2022,,False,False,False,False,False,,False,,True,0.0
ALUNO-540,False,2,2018,2021.0,False,False,True,True,True,1.0,True,2.0,False,
ALUNO-541,True,3,2019,,False,False,False,True,True,3.0,True,4.0,True,5.0
ALUNO-542,False,1,2021,2021.0,False,False,False,False,False,,True,0.0,False,
ALUNO-543,True,1,2022,,False,False,False,False,False,,False,,True,0.0
ALUNO-544,True,3,2019,,False,False,False,True,True,2.0,True,2.0,True,3.0
ALUNO-545,False,1,2020,2020.0,False,False,False,False,True,1.0,False,,False,
ALUNO-546,True,3,2018,,False,False,True,True,True,5.0,True,6.0,True,7.0
ALUNO-547,False,2,2018,2021.0,False,False,True,True,True,4.0,True,4.0,False,
ALUNO-548,True,2,2021,,False,False,False,False,False,,True,0.0,True,1.0
ALUNO-549,False,1,2017,2020.0,False,True,True,True,True,3.0,False,,False,
ALUNO-550,False,1,2021,2021.0,False,False,False,False,False,,True,0.0,False,
ALUNO-551,True,1,2022,,False,False,False,False,False,,False,,True,0.0
ALUNO-552,False,1,2019,2020.0,False,False,False,True,True,2.0,False,,False,
ALUNO-553,True,1,2022,,False,False,False,False,False,,False,,True,1.0
ALUNO-554,True,1,2022,,False,False,False,False,False,,False,,True,2.0
ALUNO-555,False,2,2019,2021.0,False,False,False,True,True,1.0,True,2.0,False,
ALUNO-556,True,1,2022,,False,False,False,False,False,,False,,True,3.0
ALUNO-557,True,3,2018,,False,False,True,True,True,2.0,True,2.0,True,3.0
ALUNO-558,True,1,2022,,False,False,False,False,False,,False,,True,3.0
ALUNO-559,False,1,2019,2020.0,False,False,False,True,True,2.0,False,,False,
ALUNO-560,True,3,2019,,False,False,False,True,True,1.0,True,2.0,True,2.0
ALUNO-561,True,3,2019,,False,False,False,True,True,3.0,True,3.0,True,3.0
ALUNO-562,True,3,2019,,False,False,False,True,True,2.0,True,2.0,True,3.0
ALUNO-563,True,2,2021,,False,False,False,False,False,,True,0.0,True,1.0
ALUNO-564,False,2,2019,2021.0,False,False,False,True,True,3.0,True,4.0,False,
ALUNO-565,True,2,2021,,False,False,False,False,False,,True,1.0,True,1.0
ALUNO-566,True,2,2021,,False,False,False,False,False,,True,5.0,True,6.0
ALUNO-567,False,1,2021,2021.0,False,False,False,False,False,,True,0.0,False,
ALUNO-568,False,1,2017,2020.0,False,True,True,True,True,3.0,False,,False,
ALUNO-569,True,3,2020,,False,False,False,False,True,0.0,True,1.0,True,1.0
ALUNO-570,False,2,2019,2021.0,False,False,False,True,True,1.0,True,1.0,False,
ALUNO-571,False,1,2021,2021.0,False,False,False,False,False,,True,3.0,False,
ALUNO-572,False,1,2021,2021.0,False,False,False,False,False,,True,0.0,False,
ALUNO-573,True,1,2022,,False,False,False,False,False,,False,,True,0.0
ALUNO-574,True,3,2019,,False,False,False,True,True,5.0,True,6.0,True,7.0
ALUNO-575,True,1,2022,,False,False,False,False,False,,False,,True,0.0
ALUNO-576,True,1,2022,,False,False,False,False,False,,False,,True,0.0
ALUNO-577,False,1,2019,2020.0,False,False,False,True,True,1.0,False,,False,
ALUNO-578,True,2,2021,,False,False,False,False,False,,True,0.0,True,0.0
ALUNO-579,True,3,2017,,False,True,True,True,True,2.0,True,2.0,True,2.0
ALUNO-580,True,1,2022,,False,False,False,False,False,,False,,True,1.0
ALUNO-581,False,1,2018,2020.0,False,False,True,True,True,4.0,False,,False,
ALUNO-582,True,1,2022,,False,False,False,False,False,,False,,True,1.0
ALUNO-583,True,3,2019,,False,False,False,True,True,4.0,True,4.0,True,5.0
ALUNO-584,False,1,2021,2021.0,False,False,False,False,False,,True,1.0,False,
ALUNO-585,True,3,2018,,False,False,True,True,True,1.0,True,2.0,True,2.0
ALUNO-586,True,3,2020,,False,False,False,False,True,1.0,True,1.0,True,2.0
ALUNO-587,True,1,2022,,False,False,False,False,False,,False,,True,0.0
ALUNO-588,True,3,2019,,False,False,False,True,True,0.0,True,1.0,True,1.0
ALUNO-589,False,2,2019,2021.0,False,False,False,True,True,1.0,True,1.0,False,
ALUNO-590,True,1,2022,,False,False,False,False,False,,False,,True,0.0
ALUNO-591,True,1,2022,,False,False,False,False,False,,False,,True,1.0
ALUNO-592,True,1,2022,,False,False,False,False,False,,False,,True,3.0
ALUNO-593,True,1,2022,,False,False,False,False,False,,False,,True,5.0
ALUNO-594,True,3,2020,,False,False,False,False,True,1.0,True,1.0,True,1.0
ALUNO-595,True,2,2021,,False,False,False,False,False,,True,0.0,True,1.0
ALUNO-596,False,1,2021,2021.0,False,False,False,False,False,,True,1.0,False,
ALUNO-597,False,1,2019,2020.0,False,False,False,True,True,7.0,False,,False,
ALUNO-598,False,1,2019,2020.0,False,False,False,True,True,4.0,False,,False,
ALUNO-599,False,1,2019,2020.0,False,False,False,True,True,8.0,False,,False,
ALUNO-600,True,1,2022,,False,False,False,False,False,,False,,True,0.0
ALUNO-601,False,1,2019,2020.0,False,False,False,True,True,6.0,False,,False,
ALUNO-602,True,3,2019,,False,False,False,True,True,0.0,True,1.0,True,1.0
ALUNO-603,True,3,2018,,False,False,True,True,True,1.0,True,1.0,True,2.0
ALUNO-604,False,1,2018,2020.0,False,False,True,True,True,7.0,False,,False,
ALUNO-605,False,1,2017,2020.0,False,True,True,True,True,2.0,False,,False,
ALUNO-606,False,1,2018,2020.0,False,False,True,True,True,5.0,False,,False,
ALUNO-607,True,1,2022,,False,False,False,False,False,,False,,True,4.0
ALUNO-608,True,3,2017,,False,True,True,True,True,4.0,True,4.0,True,5.0
ALUNO-609,False,1,2020,2020.0,False,False,False,False,True,8.0,False,,False,
ALUNO-610,True,2,2021,,False,False,False,False,False,,True,5.0,True,5.0
ALUNO-611,False,1,2016,2020.0,True,True,True,True,True,7.0,False,,False,
ALUNO-612,True,1,2022,,False,False,False,False,False,,False,,True,1.0
ALUNO-613,True,3,2018,,False,False,True,True,True,1.0,True,1.0,True,2.0
ALUNO-614,False,1,2018,2020.0,False,False,True,True,True,6.0,False,,False,
ALUNO-615,True,3,2019,,False,False,False,True,True,0.0,True,1.0,True,1.0
ALUNO-616,False,1,2019,2020.0,False,False,False,True,True,7.0,False,,False,
ALUNO-617,True,2,2021,,False,False,False,False,False,,True,0.0,True,1.0
ALUNO-618,False,1,2017,2020.0,False,True,True,True,True,2.0,False,,False,
ALUNO-619,False,2,2019,2021.0,False,False,False,True,True,2.0,True,2.0,False,
ALUNO-620,False,1,2021,2021.0,False,False,False,False,False,,True,1.0,False,
ALUNO-621,True,1,2022,,False,False,False,False,False,,False,,True,0.0
ALUNO-622,True,3,2018,,False,False,True,True,True,3.0,True,3.0,True,3.0
ALUNO-623,True,1,2022,,False,False,False,False,False,,False,,True,3.0
ALUNO-624,True,3,2019,,False,False,False,True,True,3.0,True,3.0,True,4.0
ALUNO-625,False,1,2019,2020.0,False,False,False,True,True,1.0,False,,False,
ALUNO-626,False,1,2017,2020.0,False,True,True,True,True,3.0,False,,False,
ALUNO-627,False,1,2021,2021.0,False,False,False,False,False,,True,0.0,False,
ALUNO-628,True,2,2021,,False,False,False,False,False,,True,0.0,True,0.0
ALUNO-629,False,1,2018,2020.0,False,False,True,True,True,8.0,False,,False,
ALUNO-630,False,1,2018,2020.0,False,False,True,True,True,8.0,False,,False,
ALUNO-631,False,1,2018,2020.0,False,False,True,True,True,2.0,False,,False,
ALUNO-632,True,2,2021,,False,False,False,False,False,,True,0.0,True,1.0
ALUNO-633,True,1,2022,,False,False,False,False,False,,False,,True,1.0
ALUNO-634,True,3,2018,,False,False,True,True,True,1.0,True,1.0,True,2.0
ALUNO-635,False,2,2017,2021.0,False,True,True,True,True,5.0,True,5.0,False,
ALUNO-636,False,1,2019,2020.0,False,False,False,True,True,5.0,False,,False,
ALUNO-637,True,1,2022,,False,False,False,False,False,,False,,True,2.0
ALUNO-638,True,3,2019,,False,False,False,True,True,1.0,True,2.0,True,3.0
ALUNO-639,False,1,2019,2020.0,False,False,False,True,True,2.0,False,,False,
ALUNO-640,False,1,2019,2020.0,False,False,False,True,True,7.0,False,,False,
ALUNO-641,True,1,2022,,False,False,False,False,False,,False,,True,2.0
ALUNO-642,True,3,2019,,False,False,False,True,True,1.0,True,1.0,True,1.0
ALUNO-643,True,1,2022,,False,False,False,False,False,,False,,True,0.0
ALUNO-644,True,3,2018,,False,False,True,True,True,1.0,True,2.0,True,3.0
ALUNO-645,True,3,2020,,False,False,False,False,True,0.0,True,0.0,True,1.0
ALUNO-646,False,2,2019,2021.0,False,False,False,True,True,2.0,True,2.0,False,
ALUNO-647,True,3,2018,,False,False,True,True,True,1.0,True,2.0,True,2.0
ALUNO-648,False,1,2019,2020.0,False,False,False,True,True,3.0,False,,False,
ALUNO-649,True,1,2022,,False,False,False,False,False,,False,,True,3.0
ALUNO-650,True,1,2022,,False,False,False,False,False,,False,,True,0.0
ALUNO-651,True,1,2022,,False,False,False,False,False,,False,,True,1.0
ALUNO-652,True,1,2022,,False,False,False,False,False,,False,,True,2.0
ALUNO-653,False,1,2021,2021.0,False,False,False,False,False,,True,0.0,False,
ALUNO-654,True,1,2022,,False,False,False,False,False,,False,,True,2.0
ALUNO-655,False,1,2020,2020.0,False,False,False,False,True,1.0,False,,False,
ALUNO-656,True,1,2022,,False,False,False,False,False,,False,,True,0.0
ALUNO-657,True,3,2019,,False,False,False,True,True,2.0,True,2.0,True,3.0
ALUNO-658,True,2,2021,,False,False,False,False,False,,True,0.0,True,0.0
ALUNO-659,False,2,2019,2021.0,False,False,False,True,True,3.0,True,3.0,False,
ALUNO-660,False,1,2021,2021.0,False,False,False,False,False,,True,5.0,False,
ALUNO-661,False,1,2017,2020.0,False,True,True,True,True,7.0,False,,False,
ALUNO-662,True,1,2022,,False,False,False,False,False,,False,,True,1.0
ALUNO-663,True,3,2018,,False,False,True,True,True,1.0,True,2.0,True,2.0
ALUNO-664,True,3,2019,,False,False,False,True,True,4.0,True,5.0,True,6.0
ALUNO-665,True,1,2022,,False,False,False,False,False,,False,,True,0.0
ALUNO-666,False,1,2018,2020.0,False,False,True,True,True,7.0,False,,False,
ALUNO-667,True,1,2022,,False,False,False,False,False,,False,,True,3.0
ALUNO-668,True,3,2020,,False,False,False,False,True,1.0,True,2.0,True,2.0
ALUNO-669,True,1,2022,,False,False,False,False,False,,False,,True,1.0
ALUNO-670,False,2,2020,2021.0,False,False,False,False,True,5.0,True,6.0,False,
ALUNO-671,False,2,2018,2021.0,False,False,True,True,True,1.0,True,1.0,False,
ALUNO-672,False,2,2018,2021.0,False,False,True,True,True,1.0,True,1.0,False,
ALUNO-673,True,1,2022,,False,False,False,False,False,,False,,True,3.0
ALUNO-674,True,1,2022,,False,False,False,False,False,,False,,True,3.0
ALUNO-675,False,1,2021,2021.0,False,False,False,False,False,,True,5.0,False,
ALUNO-676,False,1,2018,2020.0,False,False,True,True,True,5.0,False,,False,
ALUNO-677,False,1,2019,2020.0,False,False,False,True,True,1.0,False,,False,
ALUNO-678,False,1,2019,2020.0,False,False,False,True,True,2.0,False,,False,
ALUNO-679,True,1,2022,,False,False,False,False,False,,False,,True,0.0
ALUNO-680,False,1,2019,2020.0,False,False,False,True,True,7.0,False,,False,
ALUNO-681,True,3,2018,,False,False,True,True,True,2.0,True,2.0,True,3.0
ALUNO-682,False,2,2020,2021.0,False,False,False,False,True,1.0,True,1.0,False,
ALUNO-683,False,1,2019,2020.0,False,False,False,True,True,0.0,False,,False,
ALUNO-684,False,1,2018,2020.0,False,False,True,True,True,1.0,False,,False,
ALUNO-685,False,2,2019,2021.0,False,False,False,True,True,0.0,True,0.0,False,
ALUNO-686,True,3,2018,,False,False,True,True,True,0.0,True,0.0,True,1.0
ALUNO-687,True,2,2021,,False,False,False,False,False,,True,3.0,True,3.0
ALUNO-688,False,2,2018,2021.0,False,False,True,True,True,7.0,True,7.0,False,
ALUNO-689,True,3,2017,,False,True,True,True,True,2.0,True,2.0,True,3.0
ALUNO-690,True,2,2021,,False,False,False,False,False,,True,0.0,True,0.0
ALUNO-691,False,1,2019,2020.0,False,False,False,True,True,1.0,False,,False,
ALUNO-692,True,1,2022,,False,False,False,False,False,,False,,True,2.0
ALUNO-693,True,3,2020,,False,False,False,False,True,0.0,True,0.0,True,1.0
ALUNO-694,True,2,2021,,False,False,False,False,False,,True,0.0,True,0.0
ALUNO-695,True,3,2020,,False,False,False,False,True,0.0,True,0.0,True,1.0
ALUNO-696,False,1,2019,2020.0,False,False,False,True,True,2.0,False,,False,
ALUNO-697,True,1,2022,,False,False,False,False,False,,False,,True,3.0
ALUNO-698,False,2,2020,2021.0,False,False,False,False,True,5.0,True,6.0,False,
ALUNO-699,False,1,2019,2020.0,False,False,False,True,True,2.0,False,,False,
ALUNO-700,True,3,2019,,False,False,False,True,True,2.0,True,2.0,True,2.0
ALUNO-701,True,1,2022,,False,False,False,False,False,,False,,True,3.0
ALUNO-702,False,1,2019,2020.0,False,False,False,True,True,1.0,False,,False,
ALUNO-703,True,3,2019,,False,False,False,True,True,2.0,True,3.0,True,4.0
ALUNO-704,False,1,2018,2020.0,False,False,True,True,True,2.0,False,,False,
ALUNO-705,True,1,2022,,False,False,False,False,False,,False,,True,3.0
ALUNO-706,True,2,2021,,False,False,False,False,False,,True,2.0,True,3.0
ALUNO-707,True,3,2019,,False,False,False,True,True,2.0,True,2.0,True,3.0
ALUNO-708,True,3,2019,,False,False,False,True,True,1.0,True,1.0,True,1.0
ALUNO-709,True,2,2021,,False,False,False,False,False,,True,1.0,True,1.0
ALUNO-710,True,3,2018,,False,False,True,True,True,2.0,True,2.0,True,3.0
ALUNO-711,True,1,2022,,False,False,False,False,False,,False,,True,2.0
ALUNO-712,False,1,2020,2020.0,False,False,False,False,True,1.0,False,,False,
ALUNO-713,False,2,2019,2021.0,False,False,False,True,True,2.0,True,2.0,False,
ALUNO-714,False,1,2018,2020.0,False,False,True,True,True,7.0,False,,False,
ALUNO-715,True,1,2022,,False,False,False,False,False,,False,,True,1.0
ALUNO-716,False,2,2019,2021.0,False,False,False,True,True,2.0,True,2.0,False,
ALUNO-717,False,1,2021,2021.0,False,False,False,False,False,,True,3.0,False,
ALUNO-718,False,1,2019,2020.0,False,False,False,True,True,2.0,False,,False,
ALUNO-719,False,1,2017,2020.0,False,True,True,True,True,2.0,False,,False,
ALUNO-720,False,1,2019,2020.0,False,False,False,True,True,5.0,False,,False,
ALUNO-721,True,3,2019,,False,False,False,True,True,1.0,True,2.0,True,3.0
ALUNO-722,True,2,2021,,False,False,False,False,False,,True,1.0,True,1.0
ALUNO-723,True,1,2022,,False,False,False,False,False,,False,,True,3.0
ALUNO-724,False,1,2019,2020.0,False,False,False,True,True,2.0,False,,False,
ALUNO-725,False,2,2018,2021.0,False,False,True,True,True,2.0,True,2.0,False,
ALUNO-726,False,1,2021,2021.0,False,False,False,False,False,,True,0.0,False,
ALUNO-727,True,1,2022,,False,False,False,False,False,,False,,True,0.0
ALUNO-728,True,1,2022,,False,False,False,False,False,,False,,True,2.0
ALUNO-729,True,2,2021,,False,False,False,False,False,,True,4.0,True,4.0
ALUNO-730,False,1,2021,2021.0,False,False,False,False,False,,True,5.0,False,
ALUNO-731,False,1,2019,2020.0,False,False,False,True,True,5.0,False,,False,
ALUNO-732,True,3,2018,,False,False,True,True,True,4.0,True,5.0,True,6.0
ALUNO-733,False,2,2018,2021.0,False,False,True,True,True,2.0,True,3.0,False,
ALUNO-734,True,1,2022,,False,False,False,False,False,,False,,True,3.0
ALUNO-735,True,1,2022,,False,False,False,False,False,,False,,True,0.0
ALUNO-736,False,1,2021,2021.0,False,False,False,False,False,,True,0.0,False,
ALUNO-737,True,3,2019,,False,False,False,True,True,2.0,True,2.0,True,2.0
ALUNO-738,True,3,2018,,False,False,True,True,True,2.0,True,3.0,True,4.0
ALUNO-739,True,3,2016,,True,True,True,True,True,3.0,True,3.0,True,4.0
ALUNO-740,False,2,2020,2021.0,False,False,False,False,True,0.0,True,0.0,False,
ALUNO-741,True,2,2021,,False,False,False,False,False,,True,5.0,True,5.0
ALUNO-742,True,2,2021,,False,False,False,False,False,,True,3.0,True,4.0
ALUNO-743,True,3,2020,,False,False,False,False,True,0.0,True,1.0,True,1.0
ALUNO-744,False,1,2019,2020.0,False,False,False,True,True,6.0,False,,False,
ALUNO-745,False,1,2019,2020.0,False,False,False,True,True,4.0,False,,False,
ALUNO-746,True,3,2018,,False,False,True,True,True,2.0,True,2.0,True,3.0
ALUNO-747,True,3,2019,,False,False,False,True,True,3.0,True,4.0,True,5.0
ALUNO-748,False,1,2021,2021.0,False,False,False,False,False,,True,0.0,False,
ALUNO-749,False,2,2018,2021.0,False,False,True,True,True,4.0,True,4.0,False,
ALUNO-750,False,1,2020,2020.0,False,False,False,False,True,4.0,False,,False,
ALUNO-751,True,1,2022,,False,False,False,False,False,,False,,True,1.0
ALUNO-752,True,1,2022,,False,False,False,False,False,,False,,True,0.0
ALUNO-753,True,3,2019,,False,False,False,True,True,3.0,True,4.0,True,4.0
ALUNO-754,True,1,2022,,False,False,False,False,False,,False,,True,5.0
ALUNO-755,True,3,2017,,False,True,True,True,True,3.0,True,4.0,True,5.0
ALUNO-756,False,1,2019,2020.0,False,False,False,True,True,2.0,False,,False,
ALUNO-757,True,3,2017,,False,True,True,True,True,3.0,True,3.0,True,3.0
ALUNO-758,False,2,2020,2021.0,False,False,False,False,True,2.0,True,2.0,False,
ALUNO-759,True,1,2022,,False,False,False,False,False,,False,,True,0.0
ALUNO-760,True,3,2020,,False,False,False,False,True,0.0,True,0.0,True,1.0
ALUNO-761,True,1,2022,,False,False,False,False,False,,False,,True,0.0
ALUNO-762,True,1,2022,,False,False,False,False,False,,False,,True,1.0
ALUNO-763,True,2,2021,,False,False,False,False,False,,True,1.0,True,1.0
ALUNO-764,True,1,2022,,False,False,False,False,False,,False,,True,0.0
ALUNO-765,True,1,2022,,False,False,False,False,False,,False,,True,0.0
ALUNO-766,True,3,2020,,False,False,False,False,True,4.0,True,5.0,True,6.0
ALUNO-767,False,1,2018,2020.0,False,False,True,True,True,3.0,False,,False,
ALUNO-768,True,3,2017,,False,True,True,True,True,3.0,True,3.0,True,4.0
ALUNO-769,False,1,2021,2021.0,False,False,False,False,False,,True,3.0,False,
ALUNO-770,True,1,2022,,False,False,False,False,False,,False,,True,3.0
ALUNO-771,True,1,2022,,False,False,False,False,False,,False,,True,0.0
ALUNO-772,True,1,2022,,False,False,False,False,False,,False,,True,7.0
ALUNO-773,True,3,2016,,True,True,True,True,True,2.0,True,2.0,True,3.0
ALUNO-774,True,1,2022,,False,False,False,False,False,,False,,True,3.0
ALUNO-775,False,1,2021,2021.0,False,False,False,False,False,,True,2.0,False,
ALUNO-776,False,2,2020,2021.0,False,False,False,False,True,3.0,True,3.0,False,
ALUNO-777,False,2,2019,2021.0,False,False,False,True,True,1.0,True,2.0,False,
ALUNO-778,True,1,2022,,False,False,False,False,False,,False,,True,0.0
ALUNO-779,False,1,2017,2020.0,False,True,True,True,True,6.0,False,,False,
ALUNO-780,False,1,2020,2020.0,False,False,False,False,True,3.0,False,,False,
ALUNO-781,True,2,2021,,False,False,False,False,False,,True,3.0,True,3.0
ALUNO-782,False,1,2017,2020.0,False,True,True,True,True,5.0,False,,False,
ALUNO-783,True,3,2020,,False,False,False,False,True,1.0,True,2.0,True,2.0
ALUNO-784,True,2,2021,,False,False,False,False,False,,True,2.0,True,3.0
ALUNO-785,False,1,2019,2020.0,False,False,False,True,True,2.0,False,,False,
ALUNO-786,False,2,2018,2021.0,False,False,True,True,True,5.0,True,5.0,False,
ALUNO-787,True,1,2022,,False,False,False,False,False,,False,,True,5.0
ALUNO-788,True,1,2022,,False,False,False,False,False,,False,,True,5.0
ALUNO-789,False,1,2018,2020.0,False,False,True,True,True,4.0,False,,False,
ALUNO-790,True,3,2019,,False,False,False,True,True,3.0,True,4.0,True,5.0
ALUNO-791,True,1,2022,,False,False,False,False,False,,False,,True,0.0
ALUNO-792,True,3,2017,,False,True,True,True,True,1.0,True,2.0,True,3.0
ALUNO-793,False,2,2020,2021.0,False,False,False,False,True,0.0,True,1.0,False,
ALUNO-794,True,3,2017,,False,True,True,True,True,2.0,True,3.0,True,4.0
ALUNO-795,False,1,2019,2020.0,False,False,False,True,True,2.0,False,,False,
ALUNO-796,True,3,2018,,False,False,True,True,True,3.0,True,4.0,True,4.0
ALUNO-797,False,2,2019,2021.0,False,False,False,True,True,1.0,True,2.0,False,
ALUNO-798,True,2,2021,,False,False,False,False,False,,True,3.0,True,4.0
ALUNO-799,True,1,2022,,False,False,False,False,False,,False,,True,2.0
ALUNO-800,True,1,2022,,False,False,False,False,False,,False,,True,1.0
ALUNO-801,True,1,2022,,False,False,False,False,False,,False,,True,0.0
ALUNO-802,True,2,2021,,False,False,False,False,False,,True,0.0,True,1.0
ALUNO-803,False,2,2020,2021.0,False,False,False,False,True,0.0,True,0.0,False,
ALUNO-804,True,1,2022,,False,False,False,False,False,,False,,True,1.0
ALUNO-805,True,2,2021,,False,False,False,False,False,,True,1.0,True,1.0
ALUNO-806,True,1,2022,,False,False,False,False,False,,False,,True,0.0
ALUNO-807,True,3,2019,,False,False,False,True,True,0.0,True,1.0,True,1.0
ALUNO-808,True,1,2022,,False,False,False,False,False,,False,,True,0.0
ALUNO-809,False,1,2021,2021.0,False,False,False,False,False,,True,1.0,False,
ALUNO-810,True,1,2022,,False,False,False,False,False,,False,,True,2.0
ALUNO-811,True,3,2018,,False,False,True,True,True,2.0,True,2.0,True,2.0
ALUNO-812,True,2,2021,,False,False,False,False,False,,True,0.0,True,0.0
ALUNO-813,False,2,2018,2021.0,False,False,True,True,True,1.0,True,2.0,False,
ALUNO-814,True,3,2019,,False,False,False,True,True,1.0,True,2.0,True,2.0
ALUNO-815,True,1,2022,,False,False,False,False,False,,False,,True,4.0
ALUNO-816,True,1,2022,,False,False,False,False,False,,False,,True,3.0
ALUNO-817,True,3,2019,,False,False,False,True,True,2.0,True,2.0,True,3.0
ALUNO-818,True,2,2021,,False,False,False,False,False,,True,0.0,True,0.0
ALUNO-819,True,1,2022,,False,False,False,False,False,,False,,True,0.0
ALUNO-820,True,3,2017,,False,True,True,True,True,4.0,True,5.0,True,5.0
ALUNO-821,False,1,2019,2020.0,False,False,False,True,True,1.0,False,,False,
ALUNO-822,True,2,2021,,False,False,False,False,False,,True,0.0,True,1.0
ALUNO-823,True,3,2018,,False,False,True,True,True,1.0,True,2.0,True,2.0
ALUNO-824,True,3,2019,,False,False,False,True,True,1.0,True,1.0,True,2.0
ALUNO-825,True,3,2018,,False,False,True,True,True,3.0,True,3.0,True,3.0
ALUNO-826,False,2,2020,2021.0,False,False,False,False,True,2.0,True,2.0,False,
ALUNO-827,False,1,2021,2021.0,False,False,False,False,False,,True,0.0,False,
ALUNO-828,True,3,2016,,True,True,True,True,True,4.0,True,5.0,True,6.0
ALUNO-829,True,3,2017,,False,True,True,True,True,3.0,True,3.0,True,4.0
ALUNO-830,True,3,2017,,False,True,True,True,True,4.0,True,5.0,True,5.0
ALUNO-831,True,3,2019,,False,False,False,True,True,0.0,True,1.0,True,2.0
ALUNO-832,True,1,2022,,False,False,False,False,False,,False,,True,3.0
ALUNO-833,False,1,2021,2021.0,False,False,False,False,False,,True,0.0,False,
ALUNO-834,True,2,2021,,False,False,False,False,False,,True,3.0,True,3.0
ALUNO-835,True,3,2016,,True,True,True,True,True,2.0,True,2.0,True,2.0
ALUNO-836,True,1,2022,,False,False,False,False,False,,False,,True,0.0
ALUNO-837,False,1,2019,2020.0,False,False,False,True,True,6.0,False,,False,
ALUNO-838,False,2,2016,2021.0,True,True,True,True,True,5.0,True,6.0,False,
ALUNO-839,True,1,2022,,False,False,False,False,False,,False,,True,1.0
ALUNO-840,True,3,2019,,False,False,False,True,True,0.0,True,0.0,True,0.0
ALUNO-841,True,1,2022,,False,False,False,False,False,,False,,True,0.0
ALUNO-842,False,1,2016,2020.0,True,True,True,True,True,4.0,False,,False,
ALUNO-843,True,2,2021,,False,False,False,False,False,,True,6.0,True,7.0
ALUNO-844,True,1,2022,,False,False,False,False,False,,False,,True,1.0
ALUNO-845,False,1,2021,2021.0,False,False,False,False,False,,True,3.0,False,
ALUNO-846,False,1,2019,2020.0,False,False,False,True,True,7.0,False,,False,
ALUNO-847,True,1,2022,,False,False,False,False,False,,False,,True,0.0
ALUNO-848,True,3,2019,,False,False,False,True,True,2.0,True,2.0,True,3.0
ALUNO-849,False,2,2020,2021.0,False,False,False,False,True,1.0,True,2.0,False,
ALUNO-850,True,3,2016,,True,True,True,True,True,3.0,True,3.0,True,4.0
ALUNO-851,True,3,2019,,False,False,False,True,True,0.0,True,1.0,True,1.0
ALUNO-852,True,1,2022,,False,False,False,False,False,,False,,True,0.0
ALUNO-853,True,1,2022,,False,False,False,False,False,,False,,True,1.0
ALUNO-854,True,1,2022,,False,False,False,False,False,,False,,True,2.0
ALUNO-855,True,3,2020,,False,False,False,False,True,2.0,True,2.0,True,3.0
ALUNO-856,True,1,2022,,False,False,False,False,False,,False,,True,5.0
ALUNO-857,True,1,2022,,False,False,False,False,False,,False,,True,1.0
ALUNO-858,True,3,2019,,False,False,False,True,True,1.0,True,2.0,True,2.0
ALUNO-859,True,1,2022,,False,False,False,False,False,,False,,True,1.0
ALUNO-860,False,2,2018,2021.0,False,False,True,True,True,3.0,True,3.0,False,
ALUNO-861,True,3,2020,,False,False,False,False,True,3.0,True,3.0,True,4.0
ALUNO-862,True,3,2019,,False,False,False,True,True,1.0,True,1.0,True,1.0
ALUNO-863,True,1,2022,,False,False,False,False,False,,False,,True,0.0
ALUNO-864,True,1,2022,,False,False,False,False,False,,False,,True,2.0
ALUNO-865,True,2,2021,,False,False,False,False,False,,True,0.0,True,1.0
ALUNO-866,True,3,2019,,False,False,False,True,True,1.0,True,1.0,True,1.0
ALUNO-867,False,1,2021,2021.0,False,False,False,False,False,,True,1.0,False,
ALUNO-868,True,2,2021,,False,False,False,False,False,,True,0.0,True,0.0
ALUNO-869,True,1,2022,,False,False,False,False,False,,False,,True,1.0
ALUNO-870,True,1,2022,,False,False,False,False,False,,False,,True,2.0
ALUNO-871,False,1,2021,2021.0,False,False,False,False,False,,True,0.0,False,
ALUNO-872,True,3,2017,,False,True,True,True,True,2.0,True,3.0,True,3.0
ALUNO-873,False,2,2020,2021.0,False,False,False,False,True,1.0,True,1.0,False,
ALUNO-874,False,2,2016,2021.0,True,True,True,True,True,4.0,True,5.0,False,
ALUNO-875,False,1,2021,2021.0,False,False,False,False,False,,True,0.0,False,
ALUNO-876,True,1,2022,,False,False,False,False,False,,False,,True,0.0
ALUNO-877,True,3,2019,,False,False,False,True,True,2.0,True,2.0,True,3.0
ALUNO-878,False,1,2021,2021.0,False,False,False,False,False,,True,0.0,False,
ALUNO-879,True,1,2022,,False,False,False,False,False,,False,,True,1.0
ALUNO-880,False,1,2019,2020.0,False,False,False,True,True,2.0,False,,False,
ALUNO-881,True,1,2022,,False,False,False,False,False,,False,,True,1.0
ALUNO-882,True,1,2022,,False,False,False,False,False,,False,,True,1.0
ALUNO-883,True,1,2022,,False,False,False,False,False,,False,,True,1.0
ALUNO-884,True,2,2021,,False,False,False,False,False,,True,5.0,True,5.0
ALUNO-885,True,2,2021,,False,False,False,False,False,,True,1.0,True,1.0
ALUNO-886,True,3,2020,,False,False,False,False,True,0.0,True,0.0,True,1.0
ALUNO-887,True,1,2022,,False,False,False,False,False,,False,,True,1.0
ALUNO-888,False,1,2020,2020.0,False,False,False,False,True,1.0,False,,False,
ALUNO-889,True,3,2019,,False,False,False,True,True,2.0,True,2.0,True,3.0
ALUNO-890,False,2,2018,2021.0,False,False,True,True,True,2.0,True,3.0,False,
ALUNO-891,True,1,2022,,False,False,False,False,False,,False,,True,1.0
ALUNO-892,False,2,2019,2021.0,False,False,False,True,True,1.0,True,1.0,False,
ALUNO-893,True,1,2022,,False,False,False,False,False,,False,,True,2.0
ALUNO-894,False,1,2018,2020.0,False,False,True,True,True,5.0,False,,False,
ALUNO-895,True,1,2022,,False,False,False,False,False,,False,,True,0.0
ALUNO-896,True,1,2022,,False,False,False,False,False,,False,,True,2.0
ALUNO-897,False,1,2021,2021.0,False,False,False,False,False,,True,3.0,False,
ALUNO-898,False,1,2017,2020.0,False,True,True,True,True,2.0,False,,False,
ALUNO-899,False,2,2019,2021.0,False,False,False,True,True,1.0,True,2.0,False,
ALUNO-900,True,2,2021,,False,False,False,False,False,,True,3.0,True,3.0
ALUNO-901,True,1,2022,,False,False,False,False,False,,False,,True,1.0
ALUNO-902,True,3,2019,,False,False,False,True,True,0.0,True,0.0,True,0.0
ALUNO-903,True,3,2020,,False,False,False,False,True,1.0,True,1.0,True,2.0
ALUNO-904,False,2,2020,2021.0,False,False,False,False,True,3.0,True,4.0,False,
ALUNO-905,True,2,2021,,False,False,False,False,False,,True,0.0,True,0.0
ALUNO-906,False,2,2017,2021.0,False,True,True,True,True,4.0,True,5.0,False,
ALUNO-907,False,2,2020,2021.0,False,False,False,False,True,1.0,True,2.0,False,
ALUNO-908,False,1,2019,2020.0,False,False,False,True,True,2.0,False,,False,
ALUNO-909,True,3,2019,,False,False,False,True,True,2.0,True,2.0,True,2.0
ALUNO-910,True,3,2016,,True,True,True,True,True,5.0,True,6.0,True,7.0
ALUNO-911,True,3,2019,,False,False,False,True,True,3.0,True,4.0,True,4.0
ALUNO-912,False,1,2019,2020.0,False,False,False,True,True,4.0,False,,False,
ALUNO-913,True,1,2022,,False,False,False,False,False,,False,,True,3.0
ALUNO-914,True,2,2021,,False,False,False,False,False,,True,2.0,True,2.0
ALUNO-915,True,1,2022,,False,False,False,False,False,,False,,True,2.0
ALUNO-916,True,3,2017,,False,True,True,True,True,3.0,True,4.0,True,5.0
ALUNO-917,False,1,2019,2020.0,False,False,False,True,True,8.0,False,,False,
ALUNO-918,True,1,2022,,False,False,False,False,False,,False,,True,4.0
ALUNO-919,True,3,2020,,False,False,False,False,True,5.0,True,6.0,True,7.0
ALUNO-920,True,2,2018,,False,False,True,True,True,4.0,False,,True,5.0
ALUNO-921,True,1,2022,,False,False,False,False,False,,False,,True,3.0
ALUNO-922,True,3,2019,,False,False,False,True,True,2.0,True,2.0,True,3.0
ALUNO-923,True,3,2020,,False,False,False,False,True,0.0,True,0.0,True,0.0
ALUNO-924,True,1,2022,,False,False,False,False,False,,False,,True,1.0
ALUNO-925,True,1,2022,,False,False,False,False,False,,False,,True,0.0
ALUNO-926,True,3,2018,,False,False,True,True,True,2.0,True,2.0,True,3.0
ALUNO-927,True,3,2020,,False,False,False,False,True,1.0,True,1.0,True,1.0
ALUNO-928,False,1,2019,2020.0,False,False,False,True,True,7.0,False,,False,
ALUNO-929,False,1,2018,2020.0,False,False,True,True,True,4.0,False,,False,
ALUNO-930,True,3,2019,,False,False,False,True,True,4.0,True,5.0,True,6.0
ALUNO-931,True,3,2019,,False,False,False,True,True,0.0,True,1.0,True,1.0
ALUNO-932,True,3,2017,,False,True,True,True,True,2.0,True,3.0,True,3.0
ALUNO-933,True,1,2022,,False,False,False,False,False,,False,,True,5.0
ALUNO-934,True,1,2022,,False,False,False,False,False,,False,,True,7.0
ALUNO-935,False,1,2020,2020.0,False,False,False,False,True,0.0,False,,False,
ALUNO-936,True,1,2022,,False,False,False,False,False,,False,,True,0.0
ALUNO-937,True,3,2018,,False,False,True,True,True,1.0,True,2.0,True,3.0
ALUNO-938,False,2,2016,2021.0,True,True,True,True,True,3.0,True,3.0,False,
ALUNO-939,True,2,2021,,False,False,False,False,False,,True,3.0,True,4.0
ALUNO-940,False,2,2019,2021.0,False,False,False,True,True,0.0,True,1.0,False,
ALUNO-941,True,1,2022,,False,False,False,False,False,,False,,True,3.0
ALUNO-942,False,1,2018,2020.0,False,False,True,True,True,3.0,False,,False,
ALUNO-943,False,1,2020,2020.0,False,False,False,False,True,1.0,False,,False,
ALUNO-944,True,3,2017,,False,True,True,True,True,3.0,True,3.0,True,3.0
ALUNO-945,True,2,2021,,False,False,False,False,False,,True,3.0,True,4.0
ALUNO-946,True,2,2021,,False,False,False,False,False,,True,3.0,True,3.0
ALUNO-947,True,2,2021,,False,False,False,False,False,,True,1.0,True,1.0
ALUNO-948,True,3,2018,,False,False,True,True,True,2.0,True,3.0,True,4.0
ALUNO-949,True,1,2022,,False,False,False,False,False,,False,,True,2.0
ALUNO-950,False,1,2018,2020.0,False,False,True,True,True,7.0,False,,False,
ALUNO-951,False,2,2020,2021.0,False,False,False,False,True,5.0,True,6.0,False,
ALUNO-952,True,1,2022,,False,False,False,False,False,,False,,True,2.0
ALUNO-953,False,1,2016,2020.0,True,True,True,True,True,8.0,False,,False,
ALUNO-954,True,1,2022,,False,False,False,False,False,,False,,True,0.0
ALUNO-955,True,1,2022,,False,False,False,False,False,,False,,True,1.0
ALUNO-956,False,1,2021,2021.0,False,False,False,False,False,,True,0.0,False,
ALUNO-957,True,3,2019,,False,False,False,True,True,1.0,True,2.0,True,2.0
ALUNO-958,True,3,2018,,False,False,True,True,True,3.0,True,4.0,True,5.0
ALUNO-959,True,2,2021,,False,False,False,False,False,,True,1.0,True,1.0
ALUNO-960,True,1,2022,,False,False,False,False,False,,False,,True,0.0
ALUNO-961,True,3,2019,,False,False,False,True,True,1.0,True,2.0,True,2.0
ALUNO-962,False,1,2017,2020.0,False,True,True,True,True,3.0,False,,False,
ALUNO-963,True,2,2021,,False,False,False,False,False,,True,1.0,True,1.0
ALUNO-964,True,3,2020,,False,False,False,False,True,1.0,True,2.0,True,3.0
ALUNO-965,False,2,2018,2021.0,False,False,True,True,True,2.0,True,3.0,False,
ALUNO-966,False,1,2021,2021.0,False,False,False,False,False,,True,0.0,False,
ALUNO-967,True,1,2022,,False,False,False,False,False,,False,,True,0.0
ALUNO-968,False,1,2020,2020.0,False,False,False,False,True,3.0,False,,False,
ALUNO-969,True,2,2021,,False,False,False,False,False,,True,0.0,True,2.0
ALUNO-970,False,1,2018,2020.0,False,False,True,True,True,2.0,False,,False,
ALUNO-971,True,1,2022,,False,False,False,False,False,,False,,True,0.0
ALUNO-972,False,1,2021,2021.0,False,False,False,False,False,,True,0.0,False,
ALUNO-973,False,2,2019,2021.0,False,False,False,True,True,1.0,True,1.0,False,
ALUNO-974,True,1,2022,,False,False,False,False,False,,False,,True,0.0
ALUNO-975,True,1,2022,,False,False,False,False,False,,False,,True,0.0
ALUNO-976,True,1,2022,,False,False,False,False,False,,False,,True,0.0
ALUNO-977,False,1,2021,2021.0,False,False,False,False,False,,True,1.0,False,
ALUNO-978,True,1,2022,,False,False,False,False,False,,False,,True,0.0
ALUNO-979,True,1,2022,,False,False,False,False,False,,False,,True,1.0
ALUNO-980,True,1,2022,,False,False,False,False,False,,False,,True,0.0
ALUNO-981,True,1,2022,,False,False,False,False,False,,False,,True,0.0
ALUNO-982,True,1,2022,,False,False,False,False,False,,False,,True,2.0
ALUNO-983,True,3,2018,,False,False,True,True,True,2.0,True,3.0,True,3.0
ALUNO-984,True,3,2017,,False,True,True,True,True,1.0,True,1.0,True,1.0
ALUNO-985,True,1,2022,,False,False,False,False,False,,False,,True,1.0
ALUNO-986,False,2,2018,2021.0,False,False,True,True,True,4.0,True,4.0,False,
ALUNO-987,False,1,2021,2021.0,False,False,False,False,False,,True,0.0,False,
ALUNO-988,True,1,2022,,False,False,False,False,False,,False,,True,1.0
ALUNO-989,True,3,2020,,False,False,False,False,True,2.0,True,2.0,True,2.0
ALUNO-990,True,1,2022,,False,False,False,False,False,,False,,True,2.0
ALUNO-991,True,3,2019,,False,False,False,True,True,2.0,True,2.0,True,2.0
ALUNO-992,False,1,2019,2020.0,False,False,False,True,True,0.0,False,,False,
ALUNO-993,True,3,2018,,False,False,True,True,True,5.0,True,5.0,True,5.0
ALUNO-994,True,3,2019,,False,False,False,True,True,2.0,True,2.0,True,3.0
ALUNO-995,True,2,2021,,False,False,False,False,False,,True,1.0,True,1.0
ALUNO-996,True,3,2018,,False,False,True,True,True,2.0,True,2.0,True,2.0
ALUNO-997,True,3,2019,,False,False,False,True,True,1.0,True,2.0,True,2.0
ALUNO-998,True,1,2022,,False,False,False,False,False,,False,,True,0.0
ALUNO-999,False,2,2018,2021.0,False,False,True,True,True,3.0,True,3.0,False,
ALUNO-1000,True,1,2022,,False,False,False,False,False,,False,,True,2.0
ALUNO-1001,True,2,2021,,False,False,False,False,False,,True,0.0,True,0.0
ALUNO-1002,True,3,2020,,False,False,False,False,True,3.0,True,3.0,True,4.0
ALUNO-1003,False,1,2019,2020.0,False,False,False,True,True,3.0,False,,False,
ALUNO-1004,True,3,2020,,False,False,False,False,True,0.0,True,0.0,True,0.0
ALUNO-1005,True,1,2022,,False,False,False,False,False,,False,,True,1.0
ALUNO-1006,False,1,2019,2020.0,False,False,False,True,True,1.0,False,,False,
ALUNO-1007,False,2,2019,2021.0,False,False,False,True,True,2.0,True,2.0,False,
ALUNO-1008,True,1,2022,,False,False,False,False,False,,False,,True,0.0
ALUNO-1009,True,2,2021,,False,False,False,False,False,,True,0.0,True,0.0
ALUNO-1010,True,3,2019,,False,False,False,True,True,1.0,True,1.0,True,2.0
ALUNO-1011,True,1,2022,,False,False,False,False,False,,False,,True,0.0
ALUNO-1012,False,1,2020,2020.0,False,False,False,False,True,1.0,False,,False,
ALUNO-1013,False,1,2021,2021.0,False,False,False,False,False,,True,2.0,False,
ALUNO-1014,True,3,2019,,False,False,False,True,True,1.0,True,1.0,True,1.0
ALUNO-1015,True,3,2018,,False,False,True,True,True,3.0,True,3.0,True,4.0
ALUNO-1016,False,2,2019,2021.0,False,False,False,True,True,2.0,True,2.0,False,
ALUNO-1017,True,3,2018,,False,False,True,True,True,2.0,True,3.0,True,4.0
ALUNO-1018,False,1,2020,2020.0,False,False,False,False,True,5.0,False,,False,
ALUNO-1019,False,1,2020,2020.0,False,False,False,False,True,5.0,False,,False,
ALUNO-1020,False,1,2017,2020.0,False,True,True,True,True,8.0,False,,False,
ALUNO-1021,False,1,2019,2020.0,False,False,False,True,True,2.0,False,,False,
ALUNO-1022,True,3,2020,,False,False,False,False,True,0.0,True,1.0,True,1.0
ALUNO-1023,True,2,2021,,False,False,False,False,False,,True,0.0,True,0.0
ALUNO-1024,False,1,2020,2020.0,False,False,False,False,True,5.0,False,,False,
ALUNO-1025,True,1,2022,,False,False,False,False,False,,False,,True,0.0
ALUNO-1026,True,2,2021,,False,False,False,False,False,,True,3.0,True,3.0
ALUNO-1027,False,2,2016,2021.0,True,True,True,True,True,5.0,True,6.0,False,
ALUNO-1028,True,3,2019,,False,False,False,True,True,2.0,True,2.0,True,3.0
ALUNO-1029,True,3,2019,,False,False,False,True,True,1.0,True,2.0,True,3.0
ALUNO-1030,True,1,2022,,False,False,False,False,False,,False,,True,2.0
ALUNO-1031,True,3,2020,,False,False,False,False,True,0.0,True,1.0,True,1.0
ALUNO-1032,False,1,2021,2021.0,False,False,False,False,False,,True,1.0,False,
ALUNO-1033,True,1,2022,,False,False,False,False,False,,False,,True,0.0
ALUNO-1034,True,3,2019,,False,False,False,True,True,2.0,True,2.0,True,2.0
ALUNO-1035,False,2,2020,2021.0,False,False,False,False,True,1.0,True,1.0,False,
ALUNO-1036,False,1,2020,2020.0,False,False,False,False,True,1.0,False,,False,
ALUNO-1037,True,1,2022,,False,False,False,False,False,,False,,True,3.0
ALUNO-1038,True,2,2021,,False,False,False,False,False,,True,4.0,True,5.0
ALUNO-1039,True,1,2022,,False,False,False,False,False,,False,,True,0.0
ALUNO-1040,True,1,2022,,False,False,False,False,False,,False,,True,3.0
ALUNO-1041,False,1,2019,2020.0,False,False,False,True,True,3.0,False,,False,
ALUNO-1042,True,1,2022,,False,False,False,False,False,,False,,True,3.0
ALUNO-1043,False,1,2021,2021.0,False,False,False,False,False,,True,0.0,False,
ALUNO-1044,True,2,2021,,False,False,False,False,False,,True,0.0,True,0.0
ALUNO-1045,True,1,2022,,False,False,False,False,False,,False,,True,2.0
ALUNO-1046,False,1,2018,2020.0,False,False,True,True,True,3.0,False,,False,
ALUNO-1047,False,1,2018,2020.0,False,False,True,True,True,4.0,False,,False,
ALUNO-1048,True,1,2022,,False,False,False,False,False,,False,,True,1.0
ALUNO-1049,True,2,2021,,False,False,False,False,False,,True,1.0,True,1.0
ALUNO-1050,True,2,2021,,False,False,False,False,False,,True,0.0,True,0.0
ALUNO-1051,True,3,2019,,False,False,False,True,True,3.0,True,3.0,True,3.0
ALUNO-1052,True,1,2022,,False,False,False,False,False,,False,,True,2.0
ALUNO-1053,True,1,2022,,False,False,False,False,False,,False,,True,5.0
ALUNO-1054,True,1,2022,,False,False,False,False,False,,False,,True,1.0
ALUNO-1055,True,2,2021,,False,False,False,False,False,,True,3.0,True,4.0
ALUNO-1056,False,1,2019,2020.0,False,False,False,True,True,3.0,False,,False,
ALUNO-1057,True,2,2021,,False,False,False,False,False,,True,3.0,True,3.0
ALUNO-1058,True,1,2022,,False,False,False,False,False,,False,,True,2.0
ALUNO-1059,True,1,2022,,False,False,False,False,False,,False,,True,3.0
ALUNO-1060,True,1,2022,,False,False,False,False,False,,False,,True,3.0
ALUNO-1061,False,1,2018,2020.0,False,False,True,True,True,2.0,False,,False,
ALUNO-1062,True,1,2022,,False,False,False,False,False,,False,,True,5.0
ALUNO-1063,True,2,2021,,False,False,False,False,False,,True,0.0,True,0.0
ALUNO-1064,False,1,2021,2021.0,False,False,False,False,False,,True,0.0,False,
ALUNO-1065,True,2,2021,,False,False,False,False,False,,True,0.0,True,0.0
ALUNO-1066,True,2,2021,,False,False,False,False,False,,True,3.0,True,4.0
ALUNO-1067,True,3,2018,,False,False,True,True,True,0.0,True,1.0,True,2.0
ALUNO-1068,True,2,2021,,False,False,False,False,False,,True,6.0,True,7.0
ALUNO-1069,True,1,2022,,False,False,False,False,False,,False,,True,0.0
ALUNO-1070,True,3,2019,,False,False,False,True,True,0.0,True,1.0,True,1.0
ALUNO-1071,True,2,2021,,False,False,False,False,False,,True,2.0,True,2.0
ALUNO-1072,True,3,2020,,False,False,False,False,True,3.0,True,3.0,True,3.0
ALUNO-1073,True,2,2021,,False,False,False,False,False,,True,1.0,True,1.0
ALUNO-1074,True,1,2022,,False,False,False,False,False,,False,,True,1.0
ALUNO-1075,True,3,2016,,True,True,True,True,True,4.0,True,5.0,True,5.0
ALUNO-1076,True,1,2022,,False,False,False,False,False,,False,,True,3.0
ALUNO-1077,False,1,2020,2020.0,False,False,False,False,True,0.0,False,,False,
ALUNO-1078,True,3,2019,,False,False,False,True,True,1.0,True,2.0,True,2.0
ALUNO-1079,False,1,2019,2020.0,False,False,False,True,True,1.0,False,,False,
ALUNO-1080,True,1,2022,,False,False,False,False,False,,False,,True,2.0
ALUNO-1081,False,1,2017,2020.0,False,True,True,True,True,5.0,False,,False,
ALUNO-1082,True,1,2022,,False,False,False,False,False,,False,,True,1.0
ALUNO-1083,False,1,2021,2021.0,False,False,False,False,False,,True,2.0,False,
ALUNO-1084,True,3,2019,,False,False,False,True,True,0.0,True,1.0,True,1.0
ALUNO-1085,True,3,2019,,False,False,False,True,True,3.0,True,4.0,True,5.0
ALUNO-1086,False,1,2021,2021.0,False,False,False,False,False,,True,0.0,False,
ALUNO-1087,False,2,2018,2021.0,False,False,True,True,True,2.0,True,2.0,False,
ALUNO-1088,False,1,2018,2020.0,False,False,True,True,True,5.0,False,,False,
ALUNO-1089,False,2,2019,2021.0,False,False,False,True,True,0.0,True,1.0,False,
ALUNO-1090,True,3,2018,,False,False,True,True,True,1.0,True,1.0,True,1.0
ALUNO-1091,True,1,2022,,False,False,False,False,False,,False,,True,2.0
ALUNO-1092,False,1,2019,2020.0,False,False,False,True,True,6.0,False,,False,
ALUNO-1093,True,3,2016,,True,True,True,True,True,5.0,True,6.0,True,7.0
ALUNO-1094,False,1,2019,2020.0,False,False,False,True,True,2.0,False,,False,
ALUNO-1095,True,3,2019,,False,False,False,True,True,0.0,True,1.0,True,1.0
ALUNO-1096,False,1,2021,2021.0,False,False,False,False,False,,True,3.0,False,
ALUNO-1097,True,2,2017,,False,True,True,True,True,3.0,False,,True,4.0
ALUNO-1098,True,2,2021,,False,False,False,False,False,,True,0.0,True,0.0
ALUNO-1099,True,2,2021,,False,False,False,False,False,,True,1.0,True,2.0
ALUNO-1100,False,1,2018,2020.0,False,False,True,True,True,8.0,False,,False,
ALUNO-1101,True,1,2022,,False,False,False,False,False,,False,,True,1.0
ALUNO-1102,True,1,2022,,False,False,False,False,False,,False,,True,3.0
ALUNO-1103,True,3,2016,,True,True,True,True,True,2.0,True,2.0,True,3.0
ALUNO-1104,True,2,2021,,False,False,False,False,False,,True,1.0,True,1.0
ALUNO-1105,True,3,2016,,True,True,True,True,True,1.0,True,2.0,True,2.0
ALUNO-1106,True,2,2019,,False,False,False,True,True,0.0,False,,True,2.0
ALUNO-1107,True,2,2021,,False,False,False,False,False,,True,2.0,True,3.0
ALUNO-1108,True,1,2022,,False,False,False,False,False,,False,,True,0.0
ALUNO-1109,True,1,2022,,False,False,False,False,False,,False,,True,2.0
ALUNO-1110,True,3,2019,,False,False,False,True,True,1.0,True,2.0,True,2.0
ALUNO-1111,True,1,2022,,False,False,False,False,False,,False,,True,0.0
ALUNO-1112,False,2,2018,2021.0,False,False,True,True,True,6.0,True,7.0,False,
ALUNO-1113,True,1,2022,,False,False,False,False,False,,False,,True,7.0
ALUNO-1114,False,1,2021,2021.0,False,False,False,False,False,,True,3.0,False,
ALUNO-1115,False,1,2021,2021.0,False,False,False,False,False,,True,1.0,False,
ALUNO-1116,True,1,2022,,False,False,False,False,False,,False,,True,1.0
ALUNO-1117,True,2,2021,,False,False,False,False,False,,True,0.0,True,0.0
ALUNO-1118,True,1,2022,,False,False,False,False,False,,False,,True,3.0
ALUNO-1119,False,2,2019,2021.0,False,False,False,True,True,1.0,True,2.0,False,
ALUNO-1120,True,1,2022,,False,False,False,False,False,,False,,True,1.0
ALUNO-1121,True,1,2022,,False,False,False,False,False,,False,,True,0.0
ALUNO-1122,True,2,2021,,False,False,False,False,False,,True,4.0,True,5.0
ALUNO-1123,True,3,2019,,False,False,False,True,True,3.0,True,4.0,True,4.0
ALUNO-1124,True,2,2021,,False,False,False,False,False,,True,4.0,True,5.0
ALUNO-1125,True,1,2022,,False,False,False,False,False,,False,,True,1.0
ALUNO-1126,True,2,2021,,False,False,False,False,False,,True,3.0,True,3.0
ALUNO-1127,True,3,2018,,False,False,True,True,True,2.0,True,3.0,True,3.0
ALUNO-1128,True,3,2018,,False,False,True,True,True,4.0,True,4.0,True,5.0
ALUNO-1129,False,2,2019,2021.0,False,False,False,True,True,2.0,True,2.0,False,
ALUNO-1130,True,3,2019,,False,False,False,True,True,2.0,True,2.0,True,3.0
ALUNO-1131,False,2,2019,2021.0,False,False,False,True,True,3.0,True,3.0,False,
ALUNO-1132,False,2,2019,2021.0,False,False,False,True,True,6.0,True,7.0,False,
ALUNO-1133,False,1,2019,2020.0,False,False,False,True,True,6.0,False,,False,
ALUNO-1134,False,1,2019,2020.0,False,False,False,True,True,3.0,False,,False,
ALUNO-1135,True,1,2022,,False,False,False,False,False,,False,,True,0.0
ALUNO-1136,True,3,2019,,False,False,False,True,True,4.0,True,4.0,True,5.0
ALUNO-1137,False,1,2019,2020.0,False,False,False,True,True,8.0,False,,False,
ALUNO-1138,True,1,2022,,False,False,False,False,False,,False,,True,4.0
ALUNO-1139,False,2,2019,2021.0,False,False,False,True,True,2.0,True,3.0,False,
ALUNO-1140,False,1,2021,2021.0,False,False,False,False,False,,True,5.0,False,
ALUNO-1141,True,3,2019,,False,False,False,True,True,2.0,True,2.0,True,3.0
ALUNO-1142,False,1,2017,2020.0,False,True,True,True,True,6.0,False,,False,
ALUNO-1143,False,1,2021,2021.0,False,False,False,False,False,,True,0.0,False,
ALUNO-1144,True,1,2022,,False,False,False,False,False,,False,,True,0.0
ALUNO-1145,False,1,2020,2020.0,False,False,False,False,True,3.0,False,,False,
ALUNO-1146,False,1,2021,2021.0,False,False,False,False,False,,True,3.0,False,
ALUNO-1147,False,1,2021,2021.0,False,False,False,False,False,,True,5.0,False,
ALUNO-1148,False,1,2018,2020.0,False,False,True,True,True,4.0,False,,False,
ALUNO-1149,False,2,2019,2021.0,False,False,False,True,True,0.0,True,0.0,False,
ALUNO-1150,True,3,2018,,False,False,True,True,True,1.0,True,1.0,True,1.0
ALUNO-1151,True,2,2021,,False,False,False,False,False,,True,3.0,True,4.0
ALUNO-1152,True,1,2022,,False,False,False,False,False,,False,,True,2.0
ALUNO-1153,True,1,2022,,False,False,False,False,False,,False,,True,3.0
ALUNO-1154,True,1,2022,,False,False,False,False,False,,False,,True,1.0
ALUNO-1155,True,2,2021,,False,False,False,False,False,,True,0.0,True,0.0
ALUNO-1156,True,3,2019,,False,False,False,True,True,3.0,True,4.0,True,4.0
ALUNO-1157,False,1,2021,2021.0,False,False,False,False,False,,True,0.0,False,
ALUNO-1158,False,1,2019,2020.0,False,False,False,True,True,8.0,False,,False,
ALUNO-1159,True,3,2019,,False,False,False,True,True,3.0,True,5.0,True,6.0
ALUNO-1160,False,1,2021,2021.0,False,False,False,False,False,,True,4.0,False,
ALUNO-1161,True,3,2018,,False,False,True,True,True,3.0,True,3.0,True,4.0
ALUNO-1162,True,1,2022,,False,False,False,False,False,,False,,True,0.0
ALUNO-1163,True,1,2022,,False,False,False,False,False,,False,,True,7.0
ALUNO-1164,False,1,2021,2021.0,False,False,False,False,False,,True,0.0,False,
ALUNO-1165,True,3,2019,,False,False,False,True,True,2.0,True,3.0,True,4.0
ALUNO-1166,False,2,2017,2021.0,False,True,True,True,True,2.0,True,2.0,False,
ALUNO-1167,True,3,2019,,False,False,False,True,True,1.0,True,2.0,True,2.0
ALUNO-1168,True,3,2020,,False,False,False,False,True,1.0,True,1.0,True,1.0
ALUNO-1169,True,1,2022,,False,False,False,False,False,,False,,True,2.0
ALUNO-1170,True,3,2019,,False,False,False,True,True,1.0,True,1.0,True,1.0
ALUNO-1171,True,3,2019,,False,False,False,True,True,3.0,True,3.0,True,4.0
ALUNO-1172,False,1,2018,2020.0,False,False,True,True,True,1.0,False,,False,
ALUNO-1173,False,1,2019,2020.0,False,False,False,True,True,5.0,False,,False,
ALUNO-1174,True,3,2019,,False,False,False,True,True,5.0,True,6.0,True,6.0
ALUNO-1175,False,2,2020,2021.0,False,False,False,False,True,1.0,True,1.0,False,
ALUNO-1176,True,3,2017,,False,True,True,True,True,5.0,True,5.0,True,6.0
ALUNO-1177,True,1,2022,,False,False,False,False,False,,False,,True,1.0
ALUNO-1178,False,1,2019,2020.0,False,False,False,True,True,2.0,False,,False,
ALUNO-1179,True,1,2022,,False,False,False,False,False,,False,,True,2.0
ALUNO-1180,True,1,2022,,False,False,False,False,False,,False,,True,2.0
ALUNO-1181,True,3,2019,,False,False,False,True,True,0.0,True,1.0,True,1.0
ALUNO-1182,True,2,2021,,False,False,False,False,False,,True,0.0,True,0.0
ALUNO-1183,False,1,2021,2021.0,False,False,False,False,False,,True,1.0,False,
ALUNO-1184,True,1,2022,,False,False,False,False,False,,False,,True,1.0
ALUNO-1185,True,1,2022,,False,False,False,False,False,,False,,True,1.0
ALUNO-1186,True,1,2022,,False,False,False,False,False,,False,,True,3.0
ALUNO-1187,False,1,2019,2020.0,False,False,False,True,True,2.0,False,,False,
ALUNO-1188,False,1,2019,2020.0,False,False,False,True,True,7.0,False,,False,
ALUNO-1189,False,1,2019,2020.0,False,False,False,True,True,8.0,False,,False,
ALUNO-1190,True,3,2019,,False,False,False,True,True,2.0,True,2.0,True,3.0
ALUNO-1191,True,3,2017,,False,True,True,True,True,3.0,True,3.0,True,4.0
ALUNO-1192,True,1,2022,,False,False,False,False,False,,False,,True,2.0
ALUNO-1193,False,1,2020,2020.0,False,False,False,False,True,2.0,False,,False,
ALUNO-1194,True,1,2022,,False,False,False,False,False,,False,,True,1.0
ALUNO-1195,True,3,2020,,False,False,False,False,True,2.0,True,3.0,True,4.0
ALUNO-1196,False,1,2021,2021.0,False,False,False,False,False,,True,7.0,False,
ALUNO-1197,False,2,2016,2021.0,True,True,True,True,True,6.0,True,7.0,False,
ALUNO-1198,False,2,2020,2021.0,False,False,False,False,True,1.0,True,2.0,False,
ALUNO-1199,True,2,2021,,False,False,False,False,False,,True,0.0,True,0.0
ALUNO-1200,False,1,2018,2020.0,False,False,True,True,True,6.0,False,,False,
ALUNO-1201,False,1,2021,2021.0,False,False,False,False,False,,True,7.0,False,
ALUNO-1202,True,1,2022,,False,False,False,False,False,,False,,True,1.0
ALUNO-1203,True,1,2022,,False,False,False,False,False,,False,,True,0.0
ALUNO-1204,True,2,2021,,False,False,False,False,False,,True,1.0,True,1.0
ALUNO-1205,False,2,2019,2021.0,False,False,False,True,True,1.0,True,2.0,False,
ALUNO-1206,True,2,2021,,False,False,False,False,False,,True,0.0,True,1.0
ALUNO-1207,True,1,2022,,False,False,False,False,False,,False,,True,2.0
ALUNO-1208,True,1,2022,,False,False,False,False,False,,False,,True,0.0
ALUNO-1209,True,1,2022,,False,False,False,False,False,,False,,True,0.0
ALUNO-1210,True,2,2021,,False,False,False,False,False,,True,0.0,True,0.0
ALUNO-1211,True,2,2021,,False,False,False,False,False,,True,0.0,True,0.0
ALUNO-1212,False,1,2021,2021.0,False,False,False,False,False,,True,1.0,False,
ALUNO-1213,True,1,2022,,False,False,False,False,False,,False,,True,3.0
ALUNO-1214,True,2,2021,,False,False,False,False,False,,True,1.0,True,1.0
ALUNO-1215,True,3,2019,,False,False,False,True,True,1.0,True,1.0,True,2.0
ALUNO-1216,False,1,2019,2020.0,False,False,False,True,True,8.0,False,,False,
ALUNO-1217,True,3,2016,,True,True,True,True,True,3.0,True,3.0,True,4.0
ALUNO-1218,False,1,2017,2020.0,False,True,True,True,True,7.0,False,,False,
ALUNO-1219,True,3,2017,,False,True,True,True,True,4.0,True,5.0,True,5.0
ALUNO-1220,True,1,2022,,False,False,False,False,False,,False,,True,5.0
ALUNO-1221,True,2,2021,,False,False,False,False,False,,True,2.0,True,3.0
ALUNO-1222,False,1,2016,2020.0,True,True,True,True,True,7.0,False,,False,
ALUNO-1223,True,3,2019,,False,False,False,True,True,1.0,True,2.0,True,3.0
ALUNO-1224,True,1,2022,,False,False,False,False,False,,False,,True,2.0
ALUNO-1225,False,1,2019,2020.0,False,False,False,True,True,2.0,False,,False,
ALUNO-1226,True,3,2019,,False,False,False,True,True,1.0,True,2.0,True,3.0
ALUNO-1227,True,1,2022,,False,False,False,False,False,,False,,True,5.0
ALUNO-1228,False,2,2019,2021.0,False,False,False,True,True,2.0,True,3.0,False,
ALUNO-1229,False,2,2018,2021.0,False,False,True,True,True,1.0,True,1.0,False,
ALUNO-1230,True,3,2017,,False,True,True,True,True,3.0,True,4.0,True,4.0
ALUNO-1231,True,3,2017,,False,True,True,True,True,2.0,True,2.0,True,2.0
ALUNO-1232,False,2,2019,2021.0,False,False,False,True,True,2.0,True,2.0,False,
ALUNO-1233,True,2,2021,,False,False,False,False,False,,True,5.0,True,6.0
ALUNO-1234,False,1,2021,2021.0,False,False,False,False,False,,True,0.0,False,
ALUNO-1235,True,1,2022,,False,False,False,False,False,,False,,True,5.0
ALUNO-1236,True,1,2022,,False,False,False,False,False,,False,,True,3.0
ALUNO-1237,True,3,2019,,False,False,False,True,True,2.0,True,3.0,True,3.0
ALUNO-1238,False,1,2018,2020.0,False,False,True,True,True,1.0,False,,False,
ALUNO-1239,True,2,2021,,False,False,False,False,False,,True,1.0,True,2.0
ALUNO-1240,False,1,2021,2021.0,False,False,False,False,False,,True,2.0,False,
ALUNO-1241,False,1,2018,2020.0,False,False,True,True,True,2.0,False,,False,
ALUNO-1242,False,1,2021,2021.0,False,False,False,False,False,,True,1.0,False,
ALUNO-1243,True,1,2022,,False,False,False,False,False,,False,,True,0.0
ALUNO-1244,True,3,2019,,False,False,False,True,True,1.0,True,1.0,True,1.0
ALUNO-1245,True,1,2022,,False,False,False,False,False,,False,,True,5.0
ALUNO-1246,True,1,2022,,False,False,False,False,False,,False,,True,0.0
ALUNO-1247,True,1,2022,,False,False,False,False,False,,False,,True,2.0
ALUNO-1248,True,3,2017,,False,True,True,True,True,3.0,True,3.0,True,4.0
ALUNO-1249,False,1,2017,2020.0,False,True,True,True,True,5.0,False,,False,
ALUNO-1250,True,3,2019,,False,False,False,True,True,3.0,True,3.0,True,4.0
ALUNO-1251,True,3,2020,,False,False,False,False,True,3.0,True,3.0,True,4.0
ALUNO-1252,False,1,2018,2020.0,False,False,True,True,True,6.0,False,,False,
ALUNO-1253,False,1,2019,2020.0,False,False,False,True,True,0.0,False,,False,
ALUNO-1254,False,2,2018,2021.0,False,False,True,True,True,2.0,True,3.0,False,
ALUNO-1255,True,1,2022,,False,False,False,False,False,,False,,True,1.0
ALUNO-1256,False,2,2018,2021.0,False,False,True,True,True,4.0,True,5.0,False,
ALUNO-1257,False,1,2019,2020.0,False,False,False,True,True,3.0,False,,False,
ALUNO-1258,True,1,2022,,False,False,False,False,False,,False,,True,0.0
ALUNO-1260,True,3,2020,,False,False,False,False,True,1.0,True,1.0,True,1.0
ALUNO-1261,False,1,2016,2020.0,True,True,True,True,True,5.0,False,,False,
ALUNO-1262,False,1,2020,2020.0,False,False,False,False,True,4.0,False,,False,
ALUNO-1263,True,1,2022,,False,False,False,False,False,,False,,True,3.0
ALUNO-1264,True,3,2019,,False,False,False,True,True,1.0,True,2.0,True,2.0
ALUNO-1265,False,1,2019,2020.0,False,False,False,True,True,4.0,False,,False,
ALUNO-1266,False,2,2018,2021.0,False,False,True,True,True,2.0,True,3.0,False,
ALUNO-1267,True,1,2022,,False,False,False,False,False,,False,,True,0.0
ALUNO-1268,True,2,2021,,False,False,False,False,False,,True,1.0,True,1.0
ALUNO-1269,True,1,2022,,False,False,False,False,False,,False,,True,2.0
ALUNO-1270,False,1,2019,2020.0,False,False,False,True,True,2.0,False,,False,
ALUNO-1271,True,1,2022,,False,False,False,False,False,,False,,True,3.0
ALUNO-1272,True,1,2022,,False,False,False,False,False,,False,,True,0.0
ALUNO-1273,True,1,2022,,False,False,False,False,False,,False,,True,0.0
ALUNO-1274,False,1,2019,2020.0,False,False,False,True,True,4.0,False,,False,
ALUNO-1275,True,3,2019,,False,False,False,True,True,1.0,True,1.0,True,2.0
ALUNO-1276,True,1,2022,,False,False,False,False,False,,False,,True,2.0
ALUNO-1277,False,1,2017,2020.0,False,True,True,True,True,3.0,False,,False,
ALUNO-1278,True,3,2019,,False,False,False,True,True,0.0,True,0.0,True,1.0
ALUNO-1279,True,2,2021,,False,False,False,False,False,,True,5.0,True,5.0
ALUNO-1280,True,1,2022,,False,False,False,False,False,,False,,True,0.0
ALUNO-1281,False,1,2018,2020.0,False,False,True,True,True,7.0,False,,False,
ALUNO-1282,False,1,2020,2020.0,False,False,False,False,True,0.0,False,,False,
ALUNO-1283,True,1,2022,,False,False,False,False,False,,False,,True,0.0
ALUNO-1284,False,1,2020,2020.0,False,False,False,False,True,5.0,False,,False,
ALUNO-1285,True,3,2020,,False,False,False,False,True,0.0,True,1.0,True,1.0
ALUNO-1286,True,2,2021,,False,False,False,False,False,,True,0.0,True,0.0
ALUNO-1287,True,3,2020,,False,False,False,False,True,0.0,True,0.0,True,1.0
ALUNO-1288,False,2,2016,2021.0,True,True,True,True,True,6.0,True,7.0,False,
ALUNO-1289,True,3,2020,,False,False,False,False,True,2.0,True,2.0,True,3.0
ALUNO-1290,False,1,2018,2020.0,False,False,True,True,True,8.0,False,,False,
ALUNO-1291,False,1,2020,2020.0,False,False,False,False,True,1.0,False,,False,
ALUNO-1292,True,3,2019,,False,False,False,True,True,2.0,True,3.0,True,3.0
ALUNO-1293,False,1,2019,2020.0,False,False,False,True,True,2.0,False,,False,
ALUNO-1294,False,1,2019,2020.0,False,False,False,True,True,6.0,False,,False,
ALUNO-1295,True,1,2022,,False,False,False,False,False,,False,,True,1.0
ALUNO-1296,False,2,2019,2021.0,False,False,False,True,True,1.0,True,1.0,False,
ALUNO-1297,False,1,2019,2020.0,False,False,False,True,True,7.0,False,,False,
ALUNO-1298,True,3,2019,,False,False,False,True,True,0.0,True,0.0,True,1.0
ALUNO-1299,False,2,2017,2021.0,False,True,True,True,True,6.0,True,7.0,False,
ALUNO-1300,True,2,2021,,False,False,False,False,False,,True,1.0,True,1.0
ALUNO-1301,False,1,2021,2021.0,False,False,False,False,False,,True,3.0,False,
ALUNO-1302,False,2,2019,2021.0,False,False,False,True,True,1.0,True,1.0,False,
ALUNO-1303,False,1,2016,2020.0,True,True,True,True,True,2.0,False,,False,
ALUNO-1304,True,1,2022,,False,False,False,False,False,,False,,True,5.0
ALUNO-1305,True,1,2022,,False,False,False,False,False,,False,,True,0.0
ALUNO-1306,True,1,2022,,False,False,False,False,False,,False,,True,4.0
ALUNO-1307,True,2,2021,,False,False,False,False,False,,True,2.0,True,2.0
ALUNO-1308,False,1,2021,2021.0,False,False,False,False,False,,True,3.0,False,
ALUNO-1309,False,1,2019,2020.0,False,False,False,True,True,7.0,False,,False,
ALUNO-1310,False,1,2021,2021.0,False,False,False,False,False,,True,3.0,False,
ALUNO-1311,True,1,2022,,False,False,False,False,False,,False,,True,3.0
ALUNO-1312,True,1,2022,,False,False,False,False,False,,False,,True,3.0
ALUNO-1313,False,1,2020,2020.0,False,False,False,False,True,3.0,False,,False,
ALUNO-1314,True,1,2022,,False,False,False,False,False,,False,,True,3.0
ALUNO-1315,False,2,2016,2021.0,True,True,True,True,True,2.0,True,2.0,False,
ALUNO-1316,False,1,2019,2020.0,False,False,False,True,True,0.0,False,,False,
ALUNO-1317,True,1,2022,,False,False,False,False,False,,False,,True,3.0
ALUNO-1318,False,1,2016,2020.0,True,True,True,True,True,8.0,False,,False,
ALUNO-1319,True,3,2019,,False,False,False,True,True,1.0,True,2.0,True,2.0
ALUNO-1320,True,1,2022,,False,False,False,False,False,,False,,True,2.0
ALUNO-1321,True,1,2022,,False,False,False,False,False,,False,,True,0.0
ALUNO-1322,True,1,2022,,False,False,False,False,False,,False,,True,5.0
ALUNO-1323,True,3,2019,,False,False,False,True,True,1.0,True,2.0,True,2.0
ALUNO-1324,True,3,2018,,False,False,True,True,True,1.0,True,2.0,True,2.0
ALUNO-1325,False,1,2018,2020.0,False,False,True,True,True,2.0,False,,False,
ALUNO-1326,False,1,2021,2021.0,False,False,False,False,False,,True,2.0,False,
ALUNO-1327,True,1,2022,,False,False,False,False,False,,False,,True,2.0
ALUNO-1328,False,1,2017,2020.0,False,True,True,True,True,2.0,False,,False,
ALUNO-1329,True,1,2022,,False,False,False,False,False,,False,,True,1.0
ALUNO-1330,True,2,2021,,False,False,False,False,False,,True,4.0,True,4.0
ALUNO-1331,True,1,2022,,False,False,False,False,False,,False,,True,0.0
ALUNO-1332,False,1,2021,2021.0,False,False,False,False,False,,True,0.0,False,
ALUNO-1333,True,1,2022,,False,False,False,False,False,,False,,True,1.0
ALUNO-1334,True,2,2021,,False,False,False,False,False,,True,0.0,True,1.0
ALUNO-1335,True,2,2021,,False,False,False,False,False,,True,2.0,True,2.0
ALUNO-1336,False,1,2020,2020.0,False,False,False,False,True,3.0,False,,False,
ALUNO-1337,True,1,2022,,False,False,False,False,False,,False,,True,3.0
ALUNO-1338,True,3,2019,,False,False,False,True,True,1.0,True,2.0,True,2.0
ALUNO-1339,False,1,2019,2020.0,False,False,False,True,True,3.0,False,,False,
ALUNO-1340,True,1,2022,,False,False,False,False,False,,False,,True,3.0
ALUNO-1341,False,1,2019,2020.0,False,False,False,True,True,7.0,False,,False,
ALUNO-1342,True,1,2022,,False,False,False,False,False,,False,,True,2.0
ALUNO-1343,True,3,2018,,False,False,True,True,True,2.0,True,2.0,True,2.0
ALUNO-1344,False,2,2018,2021.0,False,False,True,True,True,1.0,True,2.0,False,
ALUNO-1345,False,1,2021,2021.0,False,False,False,False,False,,True,0.0,False,
ALUNO-1346,True,1,2022,,False,False,False,False,False,,False,,True,0.0
ALUNO-1347,False,1,2019,2020.0,False,False,False,True,True,7.0,False,,False,
ALUNO-1348,True,3,2018,,False,False,True,True,True,3.0,True,3.0,True,4.0
ALUNO-1349,True,1,2022,,False,False,False,False,False,,False,,True,3.0
